,dataset,model,model_id,lambda,loss,samples,combined,polarity,semantic,history
0,sst2,all-MiniLM-L6-v2,MultipleNegatives(minilm-6),,MultipleNegativesRankingLoss,100000,0.573,0.722,0.424,"[{'combined': 0.573, 'polarity': 0.722, 'semantic': 0.424}]"
1,sst2,all-MiniLM-L6-v2,OnlineContrastive(minilm-6)(lambda=1),1.0,OnlineContrastiveLoss,100000,0.588,0.855,0.322,"[{'combined': 0.588, 'polarity': 0.855, 'semantic': 0.322}]"
2,sst2,all-MiniLM-L6-v2,OnlineContrastive(minilm-6)(lambda=0.75),0.75,OnlineContrastiveLoss,100000,0.585,0.853,0.317,"[{'combined': 0.585, 'polarity': 0.853, 'semantic': 0.317}]"
3,sst2,all-MiniLM-L6-v2,OnlineContrastive(minilm-6)(lambda=0.5),0.5,OnlineContrastiveLoss,100000,0.58,0.848,0.312,"[{'combined': 0.58, 'polarity': 0.848, 'semantic': 0.312}]"
4,sst2,all-MiniLM-L6-v2,OnlineContrastive(minilm-6)(lambda=0.25),0.25,OnlineContrastiveLoss,100000,0.572,0.841,0.303,"[{'polarity': 0.841, 'semantic': 0.303, 'combined': 0.572}]"
5,sst2,all-MiniLM-L6-v2,OnlineContrastive(minilm-6)(lambda=0.1),0.1,OnlineContrastiveLoss,100000,0.56,0.824,0.297,"[{'combined': 0.56, 'polarity': 0.824, 'semantic': 0.297}]"
6,sst2,all-MiniLM-L6-v2,Contrastive(minilm-6)(lambda=1),1.0,ContrastiveLoss,100000,0.583,0.857,0.309,"[{'combined': 0.583, 'polarity': 0.857, 'semantic': 0.309}]"
7,sst2,all-MiniLM-L6-v2,Contrastive(minilm-6)(lambda=0.75),0.75,ContrastiveLoss,100000,0.579,0.854,0.304,"[{'combined': 0.579, 'polarity': 0.854, 'semantic': 0.304}]"
8,sst2,all-MiniLM-L6-v2,Contrastive(minilm-6)(lambda=0.5),0.5,ContrastiveLoss,100000,0.57,0.844,0.296,"[{'combined': 0.57, 'polarity': 0.844, 'semantic': 0.296}]"
9,sst2,all-MiniLM-L6-v2,Contrastive(minilm-6)(lambda=0.25),0.25,ContrastiveLoss,100000,0.563,0.833,0.293,"[{'semantic': 0.293, 'combined': 0.563, 'polarity': 0.833}]"
10,sst2,all-MiniLM-L6-v2,Contrastive(minilm-6)(lambda=0.1),0.1,ContrastiveLoss,100000,0.555,0.818,0.292,"[{'combined': 0.555, 'polarity': 0.818, 'semantic': 0.292}]"
11,sst2,all-MiniLM-L6-v2,Triplet(minilm-6)(lambda=10),10.0,TripletLoss,100000,0.57,0.845,0.295,"[{'combined': 0.57, 'polarity': 0.845, 'semantic': 0.295}]"
12,sst2,all-MiniLM-L6-v2,Triplet(minilm-6)(lambda=7.5),7.5,TripletLoss,100000,0.569,0.846,0.293,"[{'semantic': 0.293, 'combined': 0.569, 'polarity': 0.846}]"
13,sst2,all-MiniLM-L6-v2,Triplet(minilm-6)(lambda=5),5.0,TripletLoss,100000,0.566,0.841,0.292,"[{'combined': 0.566, 'polarity': 0.841, 'semantic': 0.292}]"
14,sst2,all-MiniLM-L6-v2,Triplet(minilm-6)(lambda=1),1.0,TripletLoss,100000,0.579,0.869,0.29,"[{'combined': 0.579, 'polarity': 0.869, 'semantic': 0.29}]"
15,sst2,all-MiniLM-L6-v2,Triplet(minilm-6)(lambda=0.1),0.1,TripletLoss,100000,0.594,0.859,0.329,"[{'combined': 0.594, 'polarity': 0.859, 'semantic': 0.329}]"
16,sst2,all-MiniLM-L6-v2,Triplet(minilm-6)(lambda=0.01),0.01,TripletLoss,100000,0.579,0.847,0.31,"[{'combined': 0.579, 'polarity': 0.847, 'semantic': 0.31}]"
17,sst2,e5-small-v2,MultipleNegatives(e5-small),,MultipleNegativesRankingLoss,100000,0.833,0.819,0.846,"[{'combined': 0.833, 'polarity': 0.819, 'semantic': 0.846}]"
18,sst2,e5-small-v2,OnlineContrastive(e5-small)(lambda=1),1.0,OnlineContrastiveLoss,100000,0.881,0.928,0.834,"[{'combined': 0.881, 'polarity': 0.928, 'semantic': 0.834}]"
19,sst2,e5-small-v2,OnlineContrastive(e5-small)(lambda=0.75),0.75,OnlineContrastiveLoss,100000,0.882,0.929,0.835,"[{'combined': 0.882, 'polarity': 0.929, 'semantic': 0.835}]"
20,sst2,e5-small-v2,OnlineContrastive(e5-small)(lambda=0.5),0.5,OnlineContrastiveLoss,100000,0.885,0.934,0.836,"[{'combined': 0.885, 'polarity': 0.934, 'semantic': 0.836}]"
21,sst2,e5-small-v2,OnlineContrastive(e5-small)(lambda=0.25),0.25,OnlineContrastiveLoss,100000,0.882,0.928,0.836,"[{'polarity': 0.928, 'semantic': 0.836, 'combined': 0.882}]"
22,sst2,e5-small-v2,OnlineContrastive(e5-small)(lambda=0.1),0.1,OnlineContrastiveLoss,100000,0.88,0.926,0.834,"[{'combined': 0.88, 'polarity': 0.926, 'semantic': 0.834}]"
23,sst2,e5-small-v2,Contrastive(e5-small)(lambda=1),1.0,ContrastiveLoss,100000,0.88,0.926,0.834,"[{'combined': 0.88, 'polarity': 0.926, 'semantic': 0.834}]"
24,sst2,e5-small-v2,Contrastive(e5-small)(lambda=0.75),0.75,ContrastiveLoss,100000,0.881,0.928,0.834,"[{'combined': 0.881, 'polarity': 0.928, 'semantic': 0.834}]"
25,sst2,e5-small-v2,Contrastive(e5-small)(lambda=0.5),0.5,ContrastiveLoss,100000,0.88,0.926,0.834,"[{'combined': 0.88, 'polarity': 0.926, 'semantic': 0.834}]"
26,sst2,e5-small-v2,Contrastive(e5-small)(lambda=0.25),0.25,ContrastiveLoss,100000,0.879,0.925,0.833,"[{'combined': 0.879, 'polarity': 0.925, 'semantic': 0.833}]"
27,sst2,e5-small-v2,Contrastive(e5-small)(lambda=0.1),0.1,ContrastiveLoss,100000,0.876,0.921,0.832,"[{'combined': 0.876, 'polarity': 0.921, 'semantic': 0.832}]"
28,sst2,e5-small-v2,Triplet(e5-small)(lambda=10),10.0,TripletLoss,100000,0.86,0.902,0.817,"[{'combined': 0.86, 'polarity': 0.902, 'semantic': 0.817}]"
29,sst2,e5-small-v2,Triplet(e5-small)(lambda=7.5),7.5,TripletLoss,100000,0.861,0.904,0.818,"[{'combined': 0.861, 'polarity': 0.904, 'semantic': 0.818}]"
30,sst2,e5-small-v2,Triplet(e5-small)(lambda=5),5.0,TripletLoss,100000,0.858,0.899,0.817,"[{'combined': 0.858, 'polarity': 0.899, 'semantic': 0.817}]"
31,sst2,e5-small-v2,Triplet(e5-small)(lambda=1),1.0,TripletLoss,100000,0.872,0.922,0.822,"[{'combined': 0.872, 'polarity': 0.922, 'semantic': 0.822}]"
32,sst2,e5-small-v2,Triplet(e5-small)(lambda=0.1),0.1,TripletLoss,100000,0.881,0.93,0.833,"[{'combined': 0.881, 'polarity': 0.93, 'semantic': 0.833}]"
33,sst2,e5-small-v2,Triplet(e5-small)(lambda=0.01),0.01,TripletLoss,100000,0.88,0.926,0.833,"[{'combined': 0.88, 'polarity': 0.926, 'semantic': 0.833}]"
34,sst2,gte-small,MultipleNegatives(gte-small),,MultipleNegativesRankingLoss,100000,0.827,0.815,0.838,"[{'combined': 0.827, 'polarity': 0.815, 'semantic': 0.838}]"
35,sst2,gte-small,OnlineContrastive(gte-small)(lambda=1),1.0,OnlineContrastiveLoss,100000,0.864,0.905,0.824,"[{'polarity': 0.905, 'semantic': 0.824, 'combined': 0.864}]"
36,sst2,gte-small,OnlineContrastive(gte-small)(lambda=0.75),0.75,OnlineContrastiveLoss,100000,0.865,0.905,0.825,"[{'combined': 0.865, 'polarity': 0.905, 'semantic': 0.825}]"
37,sst2,gte-small,OnlineContrastive(gte-small)(lambda=0.5),0.5,OnlineContrastiveLoss,100000,0.864,0.901,0.826,"[{'polarity': 0.901, 'semantic': 0.826, 'combined': 0.864}]"
38,sst2,gte-small,OnlineContrastive(gte-small)(lambda=0.25),0.25,OnlineContrastiveLoss,100000,0.863,0.9,0.825,"[{'polarity': 0.9, 'semantic': 0.825, 'combined': 0.863}]"
39,sst2,gte-small,OnlineContrastive(gte-small)(lambda=0.1),0.1,OnlineContrastiveLoss,100000,0.859,0.897,0.821,"[{'combined': 0.859, 'polarity': 0.897, 'semantic': 0.821}]"
40,sst2,gte-small,Contrastive(gte-small)(lambda=1),1.0,ContrastiveLoss,100000,0.863,0.903,0.823,"[{'combined': 0.863, 'polarity': 0.903, 'semantic': 0.823}]"
41,sst2,gte-small,Contrastive(gte-small)(lambda=0.75),0.75,ContrastiveLoss,100000,0.864,0.904,0.824,"[{'combined': 0.864, 'polarity': 0.904, 'semantic': 0.824}]"
42,sst2,gte-small,Contrastive(gte-small)(lambda=0.5),0.5,ContrastiveLoss,100000,0.864,0.902,0.825,"[{'combined': 0.864, 'polarity': 0.902, 'semantic': 0.825}]"
43,sst2,gte-small,Contrastive(gte-small)(lambda=0.25),0.25,ContrastiveLoss,100000,0.862,0.901,0.823,"[{'semantic': 0.823, 'combined': 0.862, 'polarity': 0.901}]"
44,sst2,gte-small,Contrastive(gte-small)(lambda=0.1),0.1,ContrastiveLoss,100000,0.857,0.895,0.819,"[{'polarity': 0.895, 'semantic': 0.819, 'combined': 0.857}]"
45,sst2,gte-small,Triplet(gte-small)(lambda=10),10.0,TripletLoss,100000,0.847,0.888,0.807,"[{'polarity': 0.888, 'semantic': 0.807, 'combined': 0.847}]"
46,sst2,gte-small,Triplet(gte-small)(lambda=7.5),7.5,TripletLoss,100000,0.847,0.887,0.807,"[{'combined': 0.847, 'polarity': 0.887, 'semantic': 0.807}]"
47,sst2,gte-small,Triplet(gte-small)(lambda=5),5.0,TripletLoss,100000,0.847,0.887,0.807,"[{'combined': 0.847, 'polarity': 0.887, 'semantic': 0.807}]"
48,sst2,gte-small,Triplet(gte-small)(lambda=1),1.0,TripletLoss,100000,0.858,0.9,0.816,"[{'combined': 0.858, 'polarity': 0.9, 'semantic': 0.816}]"
49,sst2,gte-small,Triplet(gte-small)(lambda=0.1),0.1,TripletLoss,100000,0.865,0.908,0.823,"[{'combined': 0.865, 'polarity': 0.908, 'semantic': 0.823}]"
50,sst2,gte-small,Triplet(gte-small)(lambda=0.01),0.01,TripletLoss,100000,0.862,0.902,0.822,"[{'combined': 0.862, 'polarity': 0.902, 'semantic': 0.822}]"
51,sst2,gte-base,MultipleNegatives(gte-base),,MultipleNegativesRankingLoss,100000,0.828,0.83,0.825,"[{'semantic': 0.825, 'combined': 0.828, 'polarity': 0.83}]"
52,sst2,gte-base,OnlineContrastive(gte-base)(lambda=1),1.0,OnlineContrastiveLoss,100000,0.866,0.917,0.815,"[{'combined': 0.866, 'polarity': 0.917, 'semantic': 0.815}]"
53,sst2,gte-base,OnlineContrastive(gte-base)(lambda=0.75),0.75,OnlineContrastiveLoss,100000,0.866,0.916,0.816,"[{'combined': 0.866, 'polarity': 0.916, 'semantic': 0.816}]"
54,sst2,gte-base,OnlineContrastive(gte-base)(lambda=0.5),0.5,OnlineContrastiveLoss,100000,0.866,0.915,0.818,"[{'polarity': 0.915, 'semantic': 0.818, 'combined': 0.866}]"
55,sst2,gte-base,OnlineContrastive(gte-base)(lambda=0.25),0.25,OnlineContrastiveLoss,100000,0.864,0.914,0.815,"[{'polarity': 0.914, 'semantic': 0.815, 'combined': 0.864}]"
56,sst2,gte-base,OnlineContrastive(gte-base)(lambda=0.1),0.1,OnlineContrastiveLoss,100000,0.86,0.91,0.809,"[{'polarity': 0.91, 'semantic': 0.809, 'combined': 0.86}]"
57,sst2,gte-base,Contrastive(gte-base)(lambda=1),1.0,ContrastiveLoss,100000,0.864,0.916,0.812,"[{'polarity': 0.916, 'semantic': 0.812, 'combined': 0.864}]"
58,sst2,gte-base,Contrastive(gte-base)(lambda=0.75),0.75,ContrastiveLoss,100000,0.864,0.915,0.814,"[{'polarity': 0.915, 'semantic': 0.814, 'combined': 0.864}]"
59,sst2,gte-base,Contrastive(gte-base)(lambda=0.5),0.5,ContrastiveLoss,100000,0.863,0.913,0.813,"[{'combined': 0.863, 'polarity': 0.913, 'semantic': 0.813}]"
60,sst2,gte-base,Contrastive(gte-base)(lambda=0.25),0.25,ContrastiveLoss,100000,0.862,0.915,0.81,"[{'polarity': 0.915, 'semantic': 0.81, 'combined': 0.862}]"
61,sst2,gte-base,Contrastive(gte-base)(lambda=0.1),0.1,ContrastiveLoss,100000,0.858,0.911,0.805,"[{'combined': 0.858, 'polarity': 0.911, 'semantic': 0.805}]"
62,sst2,gte-base,Triplet(gte-base)(lambda=10),10.0,TripletLoss,100000,0.853,0.907,0.799,"[{'combined': 0.853, 'polarity': 0.907, 'semantic': 0.799}]"
63,sst2,gte-base,Triplet(gte-base)(lambda=7.5),7.5,TripletLoss,100000,0.852,0.906,0.798,"[{'polarity': 0.906, 'semantic': 0.798, 'combined': 0.852}]"
64,sst2,gte-base,Triplet(gte-base)(lambda=5),5.0,TripletLoss,100000,0.853,0.908,0.798,"[{'combined': 0.853, 'polarity': 0.908, 'semantic': 0.798}]"
65,sst2,gte-base,Triplet(gte-base)(lambda=1),1.0,TripletLoss,100000,0.859,0.916,0.802,"[{'combined': 0.859, 'polarity': 0.916, 'semantic': 0.802}]"
66,sst2,gte-base,Triplet(gte-base)(lambda=0.1),0.1,TripletLoss,100000,0.864,0.913,0.816,"[{'combined': 0.864, 'polarity': 0.913, 'semantic': 0.816}]"
67,sst2,gte-base,Triplet(gte-base)(lambda=0.01),0.01,TripletLoss,100000,0.862,0.91,0.814,"[{'combined': 0.862, 'polarity': 0.91, 'semantic': 0.814}]"
68,sst2,all-MiniLM-L6-v2,MultipleNegatives(minilm-6),,MultipleNegativesRankingLoss,50000,0.566,0.699,0.434,"[{'combined': 0.566, 'polarity': 0.699, 'semantic': 0.434}]"
69,sst2,all-MiniLM-L6-v2,OnlineContrastive(minilm-6)(lambda=1),1.0,OnlineContrastiveLoss,50000,0.57,0.787,0.353,"[{'combined': 0.57, 'polarity': 0.787, 'semantic': 0.353}]"
70,sst2,all-MiniLM-L6-v2,OnlineContrastive(minilm-6)(lambda=0.75),0.75,OnlineContrastiveLoss,50000,0.562,0.774,0.349,"[{'combined': 0.562, 'polarity': 0.774, 'semantic': 0.349}]"
71,sst2,all-MiniLM-L6-v2,OnlineContrastive(minilm-6)(lambda=0.5),0.5,OnlineContrastiveLoss,50000,0.551,0.762,0.341,"[{'combined': 0.551, 'polarity': 0.762, 'semantic': 0.341}]"
72,sst2,all-MiniLM-L6-v2,OnlineContrastive(minilm-6)(lambda=0.25),0.25,OnlineContrastiveLoss,50000,0.537,0.741,0.333,"[{'semantic': 0.333, 'combined': 0.537, 'polarity': 0.741}]"
73,sst2,all-MiniLM-L6-v2,OnlineContrastive(minilm-6)(lambda=0.1),0.1,OnlineContrastiveLoss,50000,0.516,0.703,0.33,"[{'semantic': 0.33, 'combined': 0.516, 'polarity': 0.703}]"
74,sst2,all-MiniLM-L6-v2,Contrastive(minilm-6)(lambda=1),1.0,ContrastiveLoss,50000,0.562,0.781,0.343,"[{'combined': 0.562, 'polarity': 0.781, 'semantic': 0.343}]"
75,sst2,all-MiniLM-L6-v2,Contrastive(minilm-6)(lambda=0.75),0.75,ContrastiveLoss,50000,0.555,0.767,0.344,"[{'combined': 0.555, 'polarity': 0.767, 'semantic': 0.344}]"
76,sst2,all-MiniLM-L6-v2,Contrastive(minilm-6)(lambda=0.5),0.5,ContrastiveLoss,50000,0.545,0.745,0.345,"[{'combined': 0.545, 'polarity': 0.745, 'semantic': 0.345}]"
77,sst2,all-MiniLM-L6-v2,Contrastive(minilm-6)(lambda=0.25),0.25,ContrastiveLoss,50000,0.533,0.718,0.348,"[{'polarity': 0.718, 'semantic': 0.348, 'combined': 0.533}]"
78,sst2,all-MiniLM-L6-v2,Contrastive(minilm-6)(lambda=0.1),0.1,ContrastiveLoss,50000,0.514,0.68,0.347,"[{'combined': 0.514, 'polarity': 0.68, 'semantic': 0.347}]"
79,sst2,all-MiniLM-L6-v2,Triplet(minilm-6)(lambda=10),10.0,TripletLoss,50000,0.554,0.813,0.296,"[{'combined': 0.554, 'polarity': 0.813, 'semantic': 0.296}]"
80,sst2,all-MiniLM-L6-v2,Triplet(minilm-6)(lambda=7.5),7.5,TripletLoss,50000,0.554,0.813,0.296,"[{'combined': 0.554, 'polarity': 0.813, 'semantic': 0.296}]"
81,sst2,all-MiniLM-L6-v2,Triplet(minilm-6)(lambda=5),5.0,TripletLoss,50000,0.553,0.81,0.296,"[{'combined': 0.553, 'polarity': 0.81, 'semantic': 0.296}]"
82,sst2,all-MiniLM-L6-v2,Triplet(minilm-6)(lambda=1),1.0,TripletLoss,50000,0.568,0.832,0.304,"[{'combined': 0.568, 'polarity': 0.832, 'semantic': 0.304}]"
83,sst2,all-MiniLM-L6-v2,Triplet(minilm-6)(lambda=0.1),0.1,TripletLoss,50000,0.58,0.808,0.352,"[{'polarity': 0.808, 'semantic': 0.352, 'combined': 0.58}]"
84,sst2,all-MiniLM-L6-v2,Triplet(minilm-6)(lambda=0.01),0.01,TripletLoss,50000,0.555,0.773,0.337,"[{'combined': 0.555, 'polarity': 0.773, 'semantic': 0.337}]"
85,sst2,e5-small-v2,MultipleNegatives(e5-small),,MultipleNegativesRankingLoss,50000,0.827,0.806,0.847,"[{'combined': 0.827, 'polarity': 0.806, 'semantic': 0.847}]"
86,sst2,e5-small-v2,OnlineContrastive(e5-small)(lambda=1),1.0,OnlineContrastiveLoss,50000,0.877,0.913,0.84,"[{'combined': 0.877, 'polarity': 0.913, 'semantic': 0.84}]"
87,sst2,e5-small-v2,OnlineContrastive(e5-small)(lambda=0.75),0.75,OnlineContrastiveLoss,50000,0.879,0.918,0.84,"[{'combined': 0.879, 'polarity': 0.918, 'semantic': 0.84}]"
88,sst2,e5-small-v2,OnlineContrastive(e5-small)(lambda=0.5),0.5,OnlineContrastiveLoss,50000,0.877,0.913,0.841,"[{'polarity': 0.913, 'semantic': 0.841, 'combined': 0.877}]"
89,sst2,e5-small-v2,OnlineContrastive(e5-small)(lambda=0.25),0.25,OnlineContrastiveLoss,50000,0.876,0.91,0.841,"[{'combined': 0.876, 'polarity': 0.91, 'semantic': 0.841}]"
90,sst2,e5-small-v2,OnlineContrastive(e5-small)(lambda=0.1),0.1,OnlineContrastiveLoss,50000,0.872,0.906,0.839,"[{'combined': 0.872, 'polarity': 0.906, 'semantic': 0.839}]"
91,sst2,e5-small-v2,Contrastive(e5-small)(lambda=1),1.0,ContrastiveLoss,50000,0.875,0.913,0.837,"[{'combined': 0.875, 'polarity': 0.913, 'semantic': 0.837}]"
92,sst2,e5-small-v2,Contrastive(e5-small)(lambda=0.75),0.75,ContrastiveLoss,50000,0.874,0.911,0.838,"[{'combined': 0.874, 'polarity': 0.911, 'semantic': 0.838}]"
93,sst2,e5-small-v2,Contrastive(e5-small)(lambda=0.5),0.5,ContrastiveLoss,50000,0.875,0.912,0.838,"[{'combined': 0.875, 'polarity': 0.912, 'semantic': 0.838}]"
94,sst2,e5-small-v2,Contrastive(e5-small)(lambda=0.25),0.25,ContrastiveLoss,50000,0.872,0.907,0.837,"[{'semantic': 0.837, 'combined': 0.872, 'polarity': 0.907}]"
95,sst2,e5-small-v2,Contrastive(e5-small)(lambda=0.1),0.1,ContrastiveLoss,50000,0.865,0.896,0.833,"[{'semantic': 0.833, 'combined': 0.865, 'polarity': 0.896}]"
96,sst2,e5-small-v2,Triplet(e5-small)(lambda=10),10.0,TripletLoss,50000,0.855,0.891,0.818,"[{'combined': 0.855, 'polarity': 0.891, 'semantic': 0.818}]"
97,sst2,e5-small-v2,Triplet(e5-small)(lambda=7.5),7.5,TripletLoss,50000,0.854,0.89,0.819,"[{'combined': 0.854, 'polarity': 0.89, 'semantic': 0.819}]"
98,sst2,e5-small-v2,Triplet(e5-small)(lambda=5),5.0,TripletLoss,50000,0.855,0.893,0.818,"[{'polarity': 0.893, 'semantic': 0.818, 'combined': 0.855}]"
99,sst2,e5-small-v2,Triplet(e5-small)(lambda=1),1.0,TripletLoss,50000,0.868,0.908,0.827,"[{'combined': 0.868, 'polarity': 0.908, 'semantic': 0.827}]"
100,sst2,e5-small-v2,Triplet(e5-small)(lambda=0.1),0.1,TripletLoss,50000,0.882,0.925,0.838,"[{'combined': 0.882, 'polarity': 0.925, 'semantic': 0.838}]"
101,sst2,e5-small-v2,Triplet(e5-small)(lambda=0.01),0.01,TripletLoss,50000,0.879,0.92,0.839,"[{'combined': 0.879, 'polarity': 0.92, 'semantic': 0.839}]"
102,sst2,gte-small,MultipleNegatives(gte-small),,MultipleNegativesRankingLoss,50000,0.821,0.803,0.839,"[{'combined': 0.821, 'polarity': 0.803, 'semantic': 0.839}]"
103,sst2,gte-small,OnlineContrastive(gte-small)(lambda=1),1.0,OnlineContrastiveLoss,50000,0.861,0.894,0.827,"[{'combined': 0.861, 'polarity': 0.894, 'semantic': 0.827}]"
104,sst2,gte-small,OnlineContrastive(gte-small)(lambda=0.75),0.75,OnlineContrastiveLoss,50000,0.861,0.892,0.829,"[{'combined': 0.861, 'polarity': 0.892, 'semantic': 0.829}]"
105,sst2,gte-small,OnlineContrastive(gte-small)(lambda=0.5),0.5,OnlineContrastiveLoss,50000,0.86,0.889,0.831,"[{'combined': 0.86, 'polarity': 0.889, 'semantic': 0.831}]"
106,sst2,gte-small,OnlineContrastive(gte-small)(lambda=0.25),0.25,OnlineContrastiveLoss,50000,0.859,0.888,0.829,"[{'combined': 0.859, 'polarity': 0.888, 'semantic': 0.829}]"
107,sst2,gte-small,OnlineContrastive(gte-small)(lambda=0.1),0.1,OnlineContrastiveLoss,50000,0.853,0.882,0.824,"[{'combined': 0.853, 'polarity': 0.882, 'semantic': 0.824}]"
108,sst2,gte-small,Contrastive(gte-small)(lambda=1),1.0,ContrastiveLoss,50000,0.859,0.894,0.824,"[{'combined': 0.859, 'polarity': 0.894, 'semantic': 0.824}]"
109,sst2,gte-small,Contrastive(gte-small)(lambda=0.75),0.75,ContrastiveLoss,50000,0.86,0.893,0.827,"[{'combined': 0.86, 'polarity': 0.893, 'semantic': 0.827}]"
110,sst2,gte-small,Contrastive(gte-small)(lambda=0.5),0.5,ContrastiveLoss,50000,0.859,0.89,0.828,"[{'combined': 0.859, 'polarity': 0.89, 'semantic': 0.828}]"
111,sst2,gte-small,Contrastive(gte-small)(lambda=0.25),0.25,ContrastiveLoss,50000,0.856,0.887,0.825,"[{'semantic': 0.825, 'combined': 0.856, 'polarity': 0.887}]"
112,sst2,gte-small,Contrastive(gte-small)(lambda=0.1),0.1,ContrastiveLoss,50000,0.851,0.88,0.821,"[{'combined': 0.851, 'polarity': 0.88, 'semantic': 0.821}]"
113,sst2,gte-small,Triplet(gte-small)(lambda=10),10.0,TripletLoss,50000,0.844,0.882,0.806,"[{'combined': 0.844, 'polarity': 0.882, 'semantic': 0.806}]"
114,sst2,gte-small,Triplet(gte-small)(lambda=7.5),7.5,TripletLoss,50000,0.843,0.88,0.806,"[{'combined': 0.843, 'polarity': 0.88, 'semantic': 0.806}]"
115,sst2,gte-small,Triplet(gte-small)(lambda=5),5.0,TripletLoss,50000,0.845,0.883,0.806,"[{'combined': 0.845, 'polarity': 0.883, 'semantic': 0.806}]"
116,sst2,gte-small,Triplet(gte-small)(lambda=1),1.0,TripletLoss,50000,0.851,0.888,0.813,"[{'combined': 0.851, 'polarity': 0.888, 'semantic': 0.813}]"
117,sst2,gte-small,Triplet(gte-small)(lambda=0.1),0.1,TripletLoss,50000,0.865,0.899,0.83,"[{'combined': 0.865, 'polarity': 0.899, 'semantic': 0.83}]"
118,sst2,gte-small,Triplet(gte-small)(lambda=0.01),0.01,TripletLoss,50000,0.859,0.889,0.83,"[{'polarity': 0.889, 'semantic': 0.83, 'combined': 0.859}]"
119,sst2,gte-base,MultipleNegatives(gte-base),,MultipleNegativesRankingLoss,50000,0.821,0.817,0.826,"[{'combined': 0.821, 'polarity': 0.817, 'semantic': 0.826}]"
120,sst2,gte-base,OnlineContrastive(gte-base)(lambda=1),1.0,OnlineContrastiveLoss,50000,0.861,0.905,0.817,"[{'combined': 0.861, 'polarity': 0.905, 'semantic': 0.817}]"
121,sst2,gte-base,OnlineContrastive(gte-base)(lambda=0.75),0.75,OnlineContrastiveLoss,50000,0.861,0.904,0.819,"[{'combined': 0.861, 'polarity': 0.904, 'semantic': 0.819}]"
122,sst2,gte-base,OnlineContrastive(gte-base)(lambda=0.5),0.5,OnlineContrastiveLoss,50000,0.862,0.905,0.82,"[{'combined': 0.862, 'polarity': 0.905, 'semantic': 0.82}]"
123,sst2,gte-base,OnlineContrastive(gte-base)(lambda=0.25),0.25,OnlineContrastiveLoss,50000,0.859,0.901,0.817,"[{'combined': 0.859, 'polarity': 0.901, 'semantic': 0.817}]"
124,sst2,gte-base,OnlineContrastive(gte-base)(lambda=0.1),0.1,OnlineContrastiveLoss,50000,0.852,0.892,0.813,"[{'combined': 0.852, 'polarity': 0.892, 'semantic': 0.813}]"
125,sst2,gte-base,Contrastive(gte-base)(lambda=1),1.0,ContrastiveLoss,50000,0.859,0.905,0.813,"[{'combined': 0.859, 'polarity': 0.905, 'semantic': 0.813}]"
126,sst2,gte-base,Contrastive(gte-base)(lambda=0.75),0.75,ContrastiveLoss,50000,0.86,0.905,0.815,"[{'polarity': 0.905, 'semantic': 0.815, 'combined': 0.86}]"
127,sst2,gte-base,Contrastive(gte-base)(lambda=0.5),0.5,ContrastiveLoss,50000,0.86,0.904,0.816,"[{'combined': 0.86, 'polarity': 0.904, 'semantic': 0.816}]"
128,sst2,gte-base,Contrastive(gte-base)(lambda=0.25),0.25,ContrastiveLoss,50000,0.856,0.898,0.814,"[{'combined': 0.856, 'polarity': 0.898, 'semantic': 0.814}]"
129,sst2,gte-base,Contrastive(gte-base)(lambda=0.1),0.1,ContrastiveLoss,50000,0.851,0.892,0.81,"[{'combined': 0.851, 'polarity': 0.892, 'semantic': 0.81}]"
130,sst2,gte-base,Triplet(gte-base)(lambda=10),10.0,TripletLoss,50000,0.851,0.903,0.799,"[{'combined': 0.851, 'polarity': 0.903, 'semantic': 0.799}]"
131,sst2,gte-base,Triplet(gte-base)(lambda=7.5),7.5,TripletLoss,50000,0.85,0.901,0.799,"[{'combined': 0.85, 'polarity': 0.901, 'semantic': 0.799}]"
132,sst2,gte-base,Triplet(gte-base)(lambda=5),5.0,TripletLoss,50000,0.849,0.899,0.8,"[{'polarity': 0.899, 'semantic': 0.8, 'combined': 0.849}]"
133,sst2,gte-base,Triplet(gte-base)(lambda=1),1.0,TripletLoss,50000,0.855,0.907,0.803,"[{'semantic': 0.803, 'combined': 0.855, 'polarity': 0.907}]"
134,sst2,gte-base,Triplet(gte-base)(lambda=0.1),0.1,TripletLoss,50000,0.866,0.913,0.818,"[{'combined': 0.866, 'polarity': 0.913, 'semantic': 0.818}]"
135,sst2,gte-base,Triplet(gte-base)(lambda=0.01),0.01,TripletLoss,50000,0.861,0.903,0.819,"[{'polarity': 0.903, 'semantic': 0.819, 'combined': 0.861}]"
136,sst2,all-MiniLM-L6-v2,MultipleNegatives(minilm-6),,MultipleNegativesRankingLoss,20000,0.562,0.676,0.448,"[{'combined': 0.562, 'polarity': 0.676, 'semantic': 0.448}]"
137,sst2,all-MiniLM-L6-v2,OnlineContrastive(minilm-6)(lambda=1),1.0,OnlineContrastiveLoss,20000,0.556,0.677,0.434,"[{'combined': 0.556, 'polarity': 0.677, 'semantic': 0.434}]"
138,sst2,all-MiniLM-L6-v2,OnlineContrastive(minilm-6)(lambda=0.75),0.75,OnlineContrastiveLoss,20000,0.55,0.672,0.427,"[{'combined': 0.55, 'polarity': 0.672, 'semantic': 0.427}]"
139,sst2,all-MiniLM-L6-v2,OnlineContrastive(minilm-6)(lambda=0.5),0.5,OnlineContrastiveLoss,20000,0.539,0.662,0.416,"[{'combined': 0.539, 'polarity': 0.662, 'semantic': 0.416}]"
140,sst2,all-MiniLM-L6-v2,OnlineContrastive(minilm-6)(lambda=0.25),0.25,OnlineContrastiveLoss,20000,0.513,0.637,0.389,"[{'combined': 0.513, 'polarity': 0.637, 'semantic': 0.389}]"
141,sst2,all-MiniLM-L6-v2,OnlineContrastive(minilm-6)(lambda=0.1),0.1,OnlineContrastiveLoss,20000,0.491,0.618,0.364,"[{'combined': 0.491, 'polarity': 0.618, 'semantic': 0.364}]"
142,sst2,all-MiniLM-L6-v2,Contrastive(minilm-6)(lambda=1),1.0,ContrastiveLoss,20000,0.553,0.67,0.436,"[{'combined': 0.553, 'polarity': 0.67, 'semantic': 0.436}]"
143,sst2,all-MiniLM-L6-v2,Contrastive(minilm-6)(lambda=0.75),0.75,ContrastiveLoss,20000,0.547,0.665,0.429,"[{'semantic': 0.429, 'combined': 0.547, 'polarity': 0.665}]"
144,sst2,all-MiniLM-L6-v2,Contrastive(minilm-6)(lambda=0.5),0.5,ContrastiveLoss,20000,0.535,0.652,0.417,"[{'semantic': 0.417, 'combined': 0.535, 'polarity': 0.652}]"
145,sst2,all-MiniLM-L6-v2,Contrastive(minilm-6)(lambda=0.25),0.25,ContrastiveLoss,20000,0.514,0.632,0.396,"[{'combined': 0.514, 'polarity': 0.632, 'semantic': 0.396}]"
146,sst2,all-MiniLM-L6-v2,Contrastive(minilm-6)(lambda=0.1),0.1,ContrastiveLoss,20000,0.503,0.62,0.385,"[{'combined': 0.503, 'polarity': 0.62, 'semantic': 0.385}]"
147,sst2,all-MiniLM-L6-v2,Triplet(minilm-6)(lambda=10),10.0,TripletLoss,20000,0.566,0.709,0.422,"[{'combined': 0.566, 'polarity': 0.709, 'semantic': 0.422}]"
148,sst2,all-MiniLM-L6-v2,Triplet(minilm-6)(lambda=7.5),7.5,TripletLoss,20000,0.566,0.71,0.421,"[{'combined': 0.566, 'polarity': 0.71, 'semantic': 0.421}]"
149,sst2,all-MiniLM-L6-v2,Triplet(minilm-6)(lambda=5),5.0,TripletLoss,20000,0.566,0.711,0.422,"[{'combined': 0.566, 'polarity': 0.711, 'semantic': 0.422}]"
150,sst2,all-MiniLM-L6-v2,Triplet(minilm-6)(lambda=1),1.0,TripletLoss,20000,0.566,0.71,0.422,"[{'semantic': 0.422, 'combined': 0.566, 'polarity': 0.71}]"
151,sst2,all-MiniLM-L6-v2,Triplet(minilm-6)(lambda=0.1),0.1,TripletLoss,20000,0.573,0.714,0.433,"[{'combined': 0.573, 'polarity': 0.714, 'semantic': 0.433}]"
152,sst2,all-MiniLM-L6-v2,Triplet(minilm-6)(lambda=0.01),0.01,TripletLoss,20000,0.564,0.702,0.425,"[{'polarity': 0.702, 'semantic': 0.425, 'combined': 0.564}]"
153,sst2,e5-small-v2,MultipleNegatives(e5-small),,MultipleNegativesRankingLoss,20000,0.82,0.793,0.848,"[{'combined': 0.82, 'polarity': 0.793, 'semantic': 0.848}]"
154,sst2,e5-small-v2,OnlineContrastive(e5-small)(lambda=1),1.0,OnlineContrastiveLoss,20000,0.865,0.883,0.847,"[{'polarity': 0.883, 'semantic': 0.847, 'combined': 0.865}]"
155,sst2,e5-small-v2,OnlineContrastive(e5-small)(lambda=0.75),0.75,OnlineContrastiveLoss,20000,0.865,0.883,0.847,"[{'combined': 0.865, 'polarity': 0.883, 'semantic': 0.847}]"
156,sst2,e5-small-v2,OnlineContrastive(e5-small)(lambda=0.5),0.5,OnlineContrastiveLoss,20000,0.863,0.88,0.847,"[{'combined': 0.863, 'polarity': 0.88, 'semantic': 0.847}]"
157,sst2,e5-small-v2,OnlineContrastive(e5-small)(lambda=0.25),0.25,OnlineContrastiveLoss,20000,0.859,0.871,0.846,"[{'combined': 0.859, 'polarity': 0.871, 'semantic': 0.846}]"
158,sst2,e5-small-v2,OnlineContrastive(e5-small)(lambda=0.1),0.1,OnlineContrastiveLoss,20000,0.848,0.854,0.842,"[{'combined': 0.848, 'polarity': 0.854, 'semantic': 0.842}]"
159,sst2,e5-small-v2,Contrastive(e5-small)(lambda=1),1.0,ContrastiveLoss,20000,0.862,0.883,0.842,"[{'semantic': 0.842, 'combined': 0.862, 'polarity': 0.883}]"
160,sst2,e5-small-v2,Contrastive(e5-small)(lambda=0.75),0.75,ContrastiveLoss,20000,0.861,0.88,0.842,"[{'combined': 0.861, 'polarity': 0.88, 'semantic': 0.842}]"
161,sst2,e5-small-v2,Contrastive(e5-small)(lambda=0.5),0.5,ContrastiveLoss,20000,0.86,0.878,0.842,"[{'semantic': 0.842, 'combined': 0.86, 'polarity': 0.878}]"
162,sst2,e5-small-v2,Contrastive(e5-small)(lambda=0.25),0.25,ContrastiveLoss,20000,0.853,0.864,0.841,"[{'polarity': 0.864, 'semantic': 0.841, 'combined': 0.853}]"
163,sst2,e5-small-v2,Contrastive(e5-small)(lambda=0.1),0.1,ContrastiveLoss,20000,0.844,0.849,0.84,"[{'semantic': 0.84, 'combined': 0.844, 'polarity': 0.849}]"
164,sst2,e5-small-v2,Triplet(e5-small)(lambda=10),10.0,TripletLoss,20000,0.848,0.87,0.826,"[{'combined': 0.848, 'polarity': 0.87, 'semantic': 0.826}]"
165,sst2,e5-small-v2,Triplet(e5-small)(lambda=7.5),7.5,TripletLoss,20000,0.849,0.872,0.826,"[{'combined': 0.849, 'polarity': 0.872, 'semantic': 0.826}]"
166,sst2,e5-small-v2,Triplet(e5-small)(lambda=5),5.0,TripletLoss,20000,0.848,0.87,0.826,"[{'semantic': 0.826, 'combined': 0.848, 'polarity': 0.87}]"
167,sst2,e5-small-v2,Triplet(e5-small)(lambda=1),1.0,TripletLoss,20000,0.857,0.882,0.832,"[{'polarity': 0.882, 'semantic': 0.832, 'combined': 0.857}]"
168,sst2,e5-small-v2,Triplet(e5-small)(lambda=0.1),0.1,TripletLoss,20000,0.868,0.889,0.847,"[{'polarity': 0.889, 'semantic': 0.847, 'combined': 0.868}]"
169,sst2,e5-small-v2,Triplet(e5-small)(lambda=0.01),0.01,TripletLoss,20000,0.862,0.875,0.849,"[{'combined': 0.862, 'polarity': 0.875, 'semantic': 0.849}]"
170,sst2,gte-small,MultipleNegatives(gte-small),,MultipleNegativesRankingLoss,20000,0.824,0.808,0.84,"[{'combined': 0.824, 'polarity': 0.808, 'semantic': 0.84}]"
171,sst2,gte-small,OnlineContrastive(gte-small)(lambda=1),1.0,OnlineContrastiveLoss,20000,0.848,0.852,0.844,"[{'combined': 0.848, 'polarity': 0.852, 'semantic': 0.844}]"
172,sst2,gte-small,OnlineContrastive(gte-small)(lambda=0.75),0.75,OnlineContrastiveLoss,20000,0.848,0.851,0.844,"[{'combined': 0.848, 'polarity': 0.851, 'semantic': 0.844}]"
173,sst2,gte-small,OnlineContrastive(gte-small)(lambda=0.5),0.5,OnlineContrastiveLoss,20000,0.847,0.851,0.843,"[{'combined': 0.847, 'polarity': 0.851, 'semantic': 0.843}]"
174,sst2,gte-small,OnlineContrastive(gte-small)(lambda=0.25),0.25,OnlineContrastiveLoss,20000,0.838,0.838,0.838,"[{'combined': 0.838, 'polarity': 0.838, 'semantic': 0.838}]"
175,sst2,gte-small,OnlineContrastive(gte-small)(lambda=0.1),0.1,OnlineContrastiveLoss,20000,0.821,0.81,0.832,"[{'combined': 0.821, 'polarity': 0.81, 'semantic': 0.832}]"
176,sst2,gte-small,Contrastive(gte-small)(lambda=1),1.0,ContrastiveLoss,20000,0.849,0.855,0.843,"[{'combined': 0.849, 'polarity': 0.855, 'semantic': 0.843}]"
177,sst2,gte-small,Contrastive(gte-small)(lambda=0.75),0.75,ContrastiveLoss,20000,0.848,0.853,0.844,"[{'combined': 0.848, 'polarity': 0.853, 'semantic': 0.844}]"
178,sst2,gte-small,Contrastive(gte-small)(lambda=0.5),0.5,ContrastiveLoss,20000,0.846,0.85,0.842,"[{'combined': 0.846, 'polarity': 0.85, 'semantic': 0.842}]"
179,sst2,gte-small,Contrastive(gte-small)(lambda=0.25),0.25,ContrastiveLoss,20000,0.836,0.835,0.838,"[{'combined': 0.836, 'polarity': 0.835, 'semantic': 0.838}]"
180,sst2,gte-small,Contrastive(gte-small)(lambda=0.1),0.1,ContrastiveLoss,20000,0.819,0.805,0.832,"[{'combined': 0.819, 'polarity': 0.805, 'semantic': 0.832}]"
181,sst2,gte-small,Triplet(gte-small)(lambda=10),10.0,TripletLoss,20000,0.852,0.874,0.83,"[{'combined': 0.852, 'polarity': 0.874, 'semantic': 0.83}]"
182,sst2,gte-small,Triplet(gte-small)(lambda=7.5),7.5,TripletLoss,20000,0.852,0.875,0.83,"[{'combined': 0.852, 'polarity': 0.875, 'semantic': 0.83}]"
183,sst2,gte-small,Triplet(gte-small)(lambda=5),5.0,TripletLoss,20000,0.852,0.874,0.83,"[{'combined': 0.852, 'polarity': 0.874, 'semantic': 0.83}]"
184,sst2,gte-small,Triplet(gte-small)(lambda=1),1.0,TripletLoss,20000,0.852,0.874,0.83,"[{'combined': 0.852, 'polarity': 0.874, 'semantic': 0.83}]"
185,sst2,gte-small,Triplet(gte-small)(lambda=0.1),0.1,TripletLoss,20000,0.855,0.871,0.84,"[{'combined': 0.855, 'polarity': 0.871, 'semantic': 0.84}]"
186,sst2,gte-small,Triplet(gte-small)(lambda=0.01),0.01,TripletLoss,20000,0.846,0.849,0.843,"[{'combined': 0.846, 'polarity': 0.849, 'semantic': 0.843}]"
187,sst2,gte-base,MultipleNegatives(gte-base),,MultipleNegativesRankingLoss,20000,0.82,0.813,0.827,"[{'combined': 0.82, 'polarity': 0.813, 'semantic': 0.827}]"
188,sst2,gte-base,OnlineContrastive(gte-base)(lambda=1),1.0,OnlineContrastiveLoss,20000,0.855,0.876,0.833,"[{'combined': 0.855, 'polarity': 0.876, 'semantic': 0.833}]"
189,sst2,gte-base,OnlineContrastive(gte-base)(lambda=0.75),0.75,OnlineContrastiveLoss,20000,0.854,0.876,0.833,"[{'polarity': 0.876, 'semantic': 0.833, 'combined': 0.854}]"
190,sst2,gte-base,OnlineContrastive(gte-base)(lambda=0.5),0.5,OnlineContrastiveLoss,20000,0.851,0.872,0.831,"[{'polarity': 0.872, 'semantic': 0.831, 'combined': 0.851}]"
191,sst2,gte-base,OnlineContrastive(gte-base)(lambda=0.25),0.25,OnlineContrastiveLoss,20000,0.845,0.866,0.825,"[{'combined': 0.845, 'polarity': 0.866, 'semantic': 0.825}]"
192,sst2,gte-base,OnlineContrastive(gte-base)(lambda=0.1),0.1,OnlineContrastiveLoss,20000,0.828,0.837,0.819,"[{'polarity': 0.837, 'semantic': 0.819, 'combined': 0.828}]"
193,sst2,gte-base,Contrastive(gte-base)(lambda=1),1.0,ContrastiveLoss,20000,0.855,0.877,0.832,"[{'combined': 0.855, 'polarity': 0.877, 'semantic': 0.832}]"
194,sst2,gte-base,Contrastive(gte-base)(lambda=0.75),0.75,ContrastiveLoss,20000,0.855,0.878,0.832,"[{'combined': 0.855, 'polarity': 0.878, 'semantic': 0.832}]"
195,sst2,gte-base,Contrastive(gte-base)(lambda=0.5),0.5,ContrastiveLoss,20000,0.851,0.873,0.83,"[{'polarity': 0.873, 'semantic': 0.83, 'combined': 0.851}]"
196,sst2,gte-base,Contrastive(gte-base)(lambda=0.25),0.25,ContrastiveLoss,20000,0.842,0.859,0.825,"[{'combined': 0.842, 'polarity': 0.859, 'semantic': 0.825}]"
197,sst2,gte-base,Contrastive(gte-base)(lambda=0.1),0.1,ContrastiveLoss,20000,0.821,0.824,0.819,"[{'combined': 0.821, 'polarity': 0.824, 'semantic': 0.819}]"
198,sst2,gte-base,Triplet(gte-base)(lambda=10),10.0,TripletLoss,20000,0.854,0.891,0.817,"[{'combined': 0.854, 'polarity': 0.891, 'semantic': 0.817}]"
199,sst2,gte-base,Triplet(gte-base)(lambda=7.5),7.5,TripletLoss,20000,0.854,0.89,0.817,"[{'combined': 0.854, 'polarity': 0.89, 'semantic': 0.817}]"
200,sst2,gte-base,Triplet(gte-base)(lambda=5),5.0,TripletLoss,20000,0.854,0.89,0.818,"[{'semantic': 0.818, 'combined': 0.854, 'polarity': 0.89}]"
201,sst2,gte-base,Triplet(gte-base)(lambda=1),1.0,TripletLoss,20000,0.854,0.892,0.817,"[{'polarity': 0.892, 'semantic': 0.817, 'combined': 0.854}]"
202,sst2,gte-base,Triplet(gte-base)(lambda=0.1),0.1,TripletLoss,20000,0.858,0.888,0.828,"[{'combined': 0.858, 'polarity': 0.888, 'semantic': 0.828}]"
203,sst2,gte-base,Triplet(gte-base)(lambda=0.01),0.01,TripletLoss,20000,0.855,0.877,0.832,"[{'combined': 0.855, 'polarity': 0.877, 'semantic': 0.832}]"
204,sst2,all-MiniLM-L6-v2,MultipleNegatives(minilm-6),,MultipleNegativesRankingLoss,10000,0.555,0.647,0.462,"[{'combined': 0.555, 'polarity': 0.647, 'semantic': 0.462}]"
205,sst2,all-MiniLM-L6-v2,OnlineContrastive(minilm-6)(lambda=1),1.0,OnlineContrastiveLoss,10000,0.55,0.639,0.46,"[{'combined': 0.55, 'polarity': 0.639, 'semantic': 0.46}]"
206,sst2,all-MiniLM-L6-v2,OnlineContrastive(minilm-6)(lambda=0.75),0.75,OnlineContrastiveLoss,10000,0.549,0.639,0.459,"[{'combined': 0.549, 'polarity': 0.639, 'semantic': 0.459}]"
207,sst2,all-MiniLM-L6-v2,OnlineContrastive(minilm-6)(lambda=0.5),0.5,OnlineContrastiveLoss,10000,0.547,0.636,0.458,"[{'combined': 0.547, 'polarity': 0.636, 'semantic': 0.458}]"
208,sst2,all-MiniLM-L6-v2,OnlineContrastive(minilm-6)(lambda=0.25),0.25,OnlineContrastiveLoss,10000,0.546,0.634,0.458,"[{'combined': 0.546, 'polarity': 0.634, 'semantic': 0.458}]"
209,sst2,all-MiniLM-L6-v2,OnlineContrastive(minilm-6)(lambda=0.1),0.1,OnlineContrastiveLoss,10000,0.546,0.635,0.458,"[{'polarity': 0.635, 'semantic': 0.458, 'combined': 0.546}]"
210,sst2,all-MiniLM-L6-v2,Contrastive(minilm-6)(lambda=1),1.0,ContrastiveLoss,10000,0.549,0.639,0.46,"[{'combined': 0.549, 'polarity': 0.639, 'semantic': 0.46}]"
211,sst2,all-MiniLM-L6-v2,Contrastive(minilm-6)(lambda=0.75),0.75,ContrastiveLoss,10000,0.547,0.636,0.459,"[{'combined': 0.547, 'polarity': 0.636, 'semantic': 0.459}]"
212,sst2,all-MiniLM-L6-v2,Contrastive(minilm-6)(lambda=0.5),0.5,ContrastiveLoss,10000,0.546,0.634,0.458,"[{'combined': 0.546, 'polarity': 0.634, 'semantic': 0.458}]"
213,sst2,all-MiniLM-L6-v2,Contrastive(minilm-6)(lambda=0.25),0.25,ContrastiveLoss,10000,0.545,0.632,0.457,"[{'combined': 0.545, 'polarity': 0.632, 'semantic': 0.457}]"
214,sst2,all-MiniLM-L6-v2,Contrastive(minilm-6)(lambda=0.1),0.1,ContrastiveLoss,10000,0.545,0.632,0.457,"[{'combined': 0.545, 'polarity': 0.632, 'semantic': 0.457}]"
215,sst2,all-MiniLM-L6-v2,Triplet(minilm-6)(lambda=10),10.0,TripletLoss,10000,0.557,0.651,0.463,"[{'semantic': 0.463, 'combined': 0.557, 'polarity': 0.651}]"
216,sst2,all-MiniLM-L6-v2,Triplet(minilm-6)(lambda=7.5),7.5,TripletLoss,10000,0.557,0.651,0.463,"[{'polarity': 0.651, 'semantic': 0.463, 'combined': 0.557}]"
217,sst2,all-MiniLM-L6-v2,Triplet(minilm-6)(lambda=5),5.0,TripletLoss,10000,0.557,0.652,0.463,"[{'semantic': 0.463, 'combined': 0.557, 'polarity': 0.652}]"
218,sst2,all-MiniLM-L6-v2,Triplet(minilm-6)(lambda=1),1.0,TripletLoss,10000,0.557,0.651,0.463,"[{'semantic': 0.463, 'combined': 0.557, 'polarity': 0.651}]"
219,sst2,all-MiniLM-L6-v2,Triplet(minilm-6)(lambda=0.1),0.1,TripletLoss,10000,0.559,0.656,0.463,"[{'combined': 0.559, 'polarity': 0.656, 'semantic': 0.463}]"
220,sst2,all-MiniLM-L6-v2,Triplet(minilm-6)(lambda=0.01),0.01,TripletLoss,10000,0.559,0.655,0.463,"[{'polarity': 0.655, 'semantic': 0.463, 'combined': 0.559}]"
221,sst2,e5-small-v2,MultipleNegatives(e5-small),,MultipleNegativesRankingLoss,10000,0.837,0.823,0.85,"[{'combined': 0.837, 'polarity': 0.823, 'semantic': 0.85}]"
222,sst2,e5-small-v2,OnlineContrastive(e5-small)(lambda=1),1.0,OnlineContrastiveLoss,10000,0.852,0.849,0.854,"[{'combined': 0.852, 'polarity': 0.849, 'semantic': 0.854}]"
223,sst2,e5-small-v2,OnlineContrastive(e5-small)(lambda=0.75),0.75,OnlineContrastiveLoss,10000,0.851,0.848,0.854,"[{'semantic': 0.854, 'combined': 0.851, 'polarity': 0.848}]"
224,sst2,e5-small-v2,OnlineContrastive(e5-small)(lambda=0.5),0.5,OnlineContrastiveLoss,10000,0.849,0.845,0.854,"[{'semantic': 0.854, 'combined': 0.849, 'polarity': 0.845}]"
225,sst2,e5-small-v2,OnlineContrastive(e5-small)(lambda=0.25),0.25,OnlineContrastiveLoss,10000,0.845,0.836,0.853,"[{'combined': 0.845, 'polarity': 0.836, 'semantic': 0.853}]"
226,sst2,e5-small-v2,OnlineContrastive(e5-small)(lambda=0.1),0.1,OnlineContrastiveLoss,10000,0.832,0.813,0.851,"[{'combined': 0.832, 'polarity': 0.813, 'semantic': 0.851}]"
227,sst2,e5-small-v2,Contrastive(e5-small)(lambda=1),1.0,ContrastiveLoss,10000,0.852,0.851,0.854,"[{'semantic': 0.854, 'combined': 0.852, 'polarity': 0.851}]"
228,sst2,e5-small-v2,Contrastive(e5-small)(lambda=0.75),0.75,ContrastiveLoss,10000,0.852,0.851,0.854,"[{'semantic': 0.854, 'combined': 0.852, 'polarity': 0.851}]"
229,sst2,e5-small-v2,Contrastive(e5-small)(lambda=0.5),0.5,ContrastiveLoss,10000,0.849,0.845,0.854,"[{'semantic': 0.854, 'combined': 0.849, 'polarity': 0.845}]"
230,sst2,e5-small-v2,Contrastive(e5-small)(lambda=0.25),0.25,ContrastiveLoss,10000,0.843,0.833,0.853,"[{'combined': 0.843, 'polarity': 0.833, 'semantic': 0.853}]"
231,sst2,e5-small-v2,Contrastive(e5-small)(lambda=0.1),0.1,ContrastiveLoss,10000,0.831,0.812,0.851,"[{'polarity': 0.812, 'semantic': 0.851, 'combined': 0.831}]"
232,sst2,e5-small-v2,Triplet(e5-small)(lambda=10),10.0,TripletLoss,10000,0.862,0.872,0.851,"[{'combined': 0.862, 'polarity': 0.872, 'semantic': 0.851}]"
233,sst2,e5-small-v2,Triplet(e5-small)(lambda=7.5),7.5,TripletLoss,10000,0.862,0.872,0.851,"[{'combined': 0.862, 'polarity': 0.872, 'semantic': 0.851}]"
234,sst2,e5-small-v2,Triplet(e5-small)(lambda=5),5.0,TripletLoss,10000,0.862,0.873,0.851,"[{'combined': 0.862, 'polarity': 0.873, 'semantic': 0.851}]"
235,sst2,e5-small-v2,Triplet(e5-small)(lambda=1),1.0,TripletLoss,10000,0.862,0.872,0.851,"[{'combined': 0.862, 'polarity': 0.872, 'semantic': 0.851}]"
236,sst2,e5-small-v2,Triplet(e5-small)(lambda=0.1),0.1,TripletLoss,10000,0.859,0.866,0.852,"[{'combined': 0.859, 'polarity': 0.866, 'semantic': 0.852}]"
237,sst2,e5-small-v2,Triplet(e5-small)(lambda=0.01),0.01,TripletLoss,10000,0.848,0.843,0.854,"[{'combined': 0.848, 'polarity': 0.843, 'semantic': 0.854}]"
238,sst2,gte-small,MultipleNegatives(gte-small),,MultipleNegativesRankingLoss,10000,0.822,0.798,0.847,"[{'combined': 0.822, 'polarity': 0.798, 'semantic': 0.847}]"
239,sst2,gte-small,OnlineContrastive(gte-small)(lambda=1),1.0,OnlineContrastiveLoss,10000,0.824,0.8,0.848,"[{'combined': 0.824, 'polarity': 0.8, 'semantic': 0.848}]"
240,sst2,gte-small,OnlineContrastive(gte-small)(lambda=0.75),0.75,OnlineContrastiveLoss,10000,0.824,0.801,0.848,"[{'combined': 0.824, 'polarity': 0.801, 'semantic': 0.848}]"
241,sst2,gte-small,OnlineContrastive(gte-small)(lambda=0.5),0.5,OnlineContrastiveLoss,10000,0.823,0.799,0.848,"[{'combined': 0.823, 'polarity': 0.799, 'semantic': 0.848}]"
242,sst2,gte-small,OnlineContrastive(gte-small)(lambda=0.25),0.25,OnlineContrastiveLoss,10000,0.82,0.793,0.847,"[{'combined': 0.82, 'polarity': 0.793, 'semantic': 0.847}]"
243,sst2,gte-small,OnlineContrastive(gte-small)(lambda=0.1),0.1,OnlineContrastiveLoss,10000,0.817,0.787,0.846,"[{'combined': 0.817, 'polarity': 0.787, 'semantic': 0.846}]"
244,sst2,gte-small,Contrastive(gte-small)(lambda=1),1.0,ContrastiveLoss,10000,0.824,0.801,0.848,"[{'combined': 0.824, 'polarity': 0.801, 'semantic': 0.848}]"
245,sst2,gte-small,Contrastive(gte-small)(lambda=0.75),0.75,ContrastiveLoss,10000,0.824,0.801,0.848,"[{'polarity': 0.801, 'semantic': 0.848, 'combined': 0.824}]"
246,sst2,gte-small,Contrastive(gte-small)(lambda=0.5),0.5,ContrastiveLoss,10000,0.823,0.799,0.848,"[{'combined': 0.823, 'polarity': 0.799, 'semantic': 0.848}]"
247,sst2,gte-small,Contrastive(gte-small)(lambda=0.25),0.25,ContrastiveLoss,10000,0.819,0.792,0.847,"[{'polarity': 0.792, 'semantic': 0.847, 'combined': 0.819}]"
248,sst2,gte-small,Contrastive(gte-small)(lambda=0.1),0.1,ContrastiveLoss,10000,0.816,0.786,0.846,"[{'combined': 0.816, 'polarity': 0.786, 'semantic': 0.846}]"
249,sst2,gte-small,Triplet(gte-small)(lambda=10),10.0,TripletLoss,10000,0.831,0.816,0.847,"[{'semantic': 0.847, 'combined': 0.831, 'polarity': 0.816}]"
250,sst2,gte-small,Triplet(gte-small)(lambda=7.5),7.5,TripletLoss,10000,0.831,0.816,0.847,"[{'combined': 0.831, 'polarity': 0.816, 'semantic': 0.847}]"
251,sst2,gte-small,Triplet(gte-small)(lambda=5),5.0,TripletLoss,10000,0.831,0.815,0.847,"[{'semantic': 0.847, 'combined': 0.831, 'polarity': 0.815}]"
252,sst2,gte-small,Triplet(gte-small)(lambda=1),1.0,TripletLoss,10000,0.831,0.815,0.847,"[{'combined': 0.831, 'polarity': 0.815, 'semantic': 0.847}]"
253,sst2,gte-small,Triplet(gte-small)(lambda=0.1),0.1,TripletLoss,10000,0.831,0.815,0.848,"[{'combined': 0.831, 'polarity': 0.815, 'semantic': 0.848}]"
254,sst2,gte-small,Triplet(gte-small)(lambda=0.01),0.01,TripletLoss,10000,0.826,0.805,0.848,"[{'combined': 0.826, 'polarity': 0.805, 'semantic': 0.848}]"
255,sst2,gte-base,MultipleNegatives(gte-base),,MultipleNegativesRankingLoss,10000,0.826,0.817,0.835,"[{'combined': 0.826, 'polarity': 0.817, 'semantic': 0.835}]"
256,sst2,gte-base,OnlineContrastive(gte-base)(lambda=1),1.0,OnlineContrastiveLoss,10000,0.832,0.827,0.837,"[{'polarity': 0.827, 'semantic': 0.837, 'combined': 0.832}]"
257,sst2,gte-base,OnlineContrastive(gte-base)(lambda=0.75),0.75,OnlineContrastiveLoss,10000,0.832,0.827,0.837,"[{'combined': 0.832, 'polarity': 0.827, 'semantic': 0.837}]"
258,sst2,gte-base,OnlineContrastive(gte-base)(lambda=0.5),0.5,OnlineContrastiveLoss,10000,0.832,0.828,0.836,"[{'combined': 0.832, 'polarity': 0.828, 'semantic': 0.836}]"
259,sst2,gte-base,OnlineContrastive(gte-base)(lambda=0.25),0.25,OnlineContrastiveLoss,10000,0.828,0.82,0.836,"[{'polarity': 0.82, 'semantic': 0.836, 'combined': 0.828}]"
260,sst2,gte-base,OnlineContrastive(gte-base)(lambda=0.1),0.1,OnlineContrastiveLoss,10000,0.823,0.812,0.835,"[{'polarity': 0.812, 'semantic': 0.835, 'combined': 0.823}]"
261,sst2,gte-base,Contrastive(gte-base)(lambda=1),1.0,ContrastiveLoss,10000,0.832,0.827,0.837,"[{'semantic': 0.837, 'combined': 0.832, 'polarity': 0.827}]"
262,sst2,gte-base,Contrastive(gte-base)(lambda=0.75),0.75,ContrastiveLoss,10000,0.831,0.826,0.837,"[{'combined': 0.831, 'polarity': 0.826, 'semantic': 0.837}]"
263,sst2,gte-base,Contrastive(gte-base)(lambda=0.5),0.5,ContrastiveLoss,10000,0.832,0.828,0.836,"[{'combined': 0.832, 'polarity': 0.828, 'semantic': 0.836}]"
264,sst2,gte-base,Contrastive(gte-base)(lambda=0.25),0.25,ContrastiveLoss,10000,0.828,0.82,0.835,"[{'combined': 0.828, 'polarity': 0.82, 'semantic': 0.835}]"
265,sst2,gte-base,Contrastive(gte-base)(lambda=0.1),0.1,ContrastiveLoss,10000,0.823,0.811,0.835,"[{'combined': 0.823, 'polarity': 0.811, 'semantic': 0.835}]"
266,sst2,gte-base,Triplet(gte-base)(lambda=10),10.0,TripletLoss,10000,0.84,0.844,0.836,"[{'polarity': 0.844, 'semantic': 0.836, 'combined': 0.84}]"
267,sst2,gte-base,Triplet(gte-base)(lambda=7.5),7.5,TripletLoss,10000,0.84,0.844,0.836,"[{'combined': 0.84, 'polarity': 0.844, 'semantic': 0.836}]"
268,sst2,gte-base,Triplet(gte-base)(lambda=5),5.0,TripletLoss,10000,0.84,0.844,0.836,"[{'semantic': 0.836, 'combined': 0.84, 'polarity': 0.844}]"
269,sst2,gte-base,Triplet(gte-base)(lambda=1),1.0,TripletLoss,10000,0.84,0.844,0.836,"[{'combined': 0.84, 'polarity': 0.844, 'semantic': 0.836}]"
270,sst2,gte-base,Triplet(gte-base)(lambda=0.1),0.1,TripletLoss,10000,0.84,0.843,0.836,"[{'combined': 0.84, 'polarity': 0.843, 'semantic': 0.836}]"
271,sst2,gte-base,Triplet(gte-base)(lambda=0.01),0.01,TripletLoss,10000,0.836,0.835,0.837,"[{'polarity': 0.835, 'semantic': 0.837, 'combined': 0.836}]"
272,sst2,all-MiniLM-L6-v2,MultipleNegatives(minilm-6),,MultipleNegativesRankingLoss,5000,0.55,0.635,0.466,"[{'combined': 0.55, 'polarity': 0.635, 'semantic': 0.466}]"
273,sst2,all-MiniLM-L6-v2,OnlineContrastive(minilm-6)(lambda=1),1.0,OnlineContrastiveLoss,5000,0.549,0.633,0.466,"[{'polarity': 0.633, 'semantic': 0.466, 'combined': 0.549}]"
274,sst2,all-MiniLM-L6-v2,OnlineContrastive(minilm-6)(lambda=0.75),0.75,OnlineContrastiveLoss,5000,0.548,0.631,0.465,"[{'combined': 0.548, 'polarity': 0.631, 'semantic': 0.465}]"
275,sst2,all-MiniLM-L6-v2,OnlineContrastive(minilm-6)(lambda=0.5),0.5,OnlineContrastiveLoss,5000,0.548,0.631,0.465,"[{'combined': 0.548, 'polarity': 0.631, 'semantic': 0.465}]"
276,sst2,all-MiniLM-L6-v2,OnlineContrastive(minilm-6)(lambda=0.25),0.25,OnlineContrastiveLoss,5000,0.548,0.631,0.465,"[{'combined': 0.548, 'polarity': 0.631, 'semantic': 0.465}]"
277,sst2,all-MiniLM-L6-v2,OnlineContrastive(minilm-6)(lambda=0.1),0.1,OnlineContrastiveLoss,5000,0.548,0.631,0.465,"[{'polarity': 0.631, 'semantic': 0.465, 'combined': 0.548}]"
278,sst2,all-MiniLM-L6-v2,Contrastive(minilm-6)(lambda=1),1.0,ContrastiveLoss,5000,0.549,0.632,0.466,"[{'combined': 0.549, 'polarity': 0.632, 'semantic': 0.466}]"
279,sst2,all-MiniLM-L6-v2,Contrastive(minilm-6)(lambda=0.75),0.75,ContrastiveLoss,5000,0.548,0.631,0.465,"[{'combined': 0.548, 'polarity': 0.631, 'semantic': 0.465}]"
280,sst2,all-MiniLM-L6-v2,Contrastive(minilm-6)(lambda=0.5),0.5,ContrastiveLoss,5000,0.548,0.631,0.465,"[{'combined': 0.548, 'polarity': 0.631, 'semantic': 0.465}]"
281,sst2,all-MiniLM-L6-v2,Contrastive(minilm-6)(lambda=0.25),0.25,ContrastiveLoss,5000,0.548,0.631,0.465,"[{'combined': 0.548, 'polarity': 0.631, 'semantic': 0.465}]"
282,sst2,all-MiniLM-L6-v2,Contrastive(minilm-6)(lambda=0.1),0.1,ContrastiveLoss,5000,0.548,0.631,0.465,"[{'combined': 0.548, 'polarity': 0.631, 'semantic': 0.465}]"
283,sst2,all-MiniLM-L6-v2,Triplet(minilm-6)(lambda=10),10.0,TripletLoss,5000,0.55,0.635,0.466,"[{'combined': 0.55, 'polarity': 0.635, 'semantic': 0.466}]"
284,sst2,all-MiniLM-L6-v2,Triplet(minilm-6)(lambda=7.5),7.5,TripletLoss,5000,0.551,0.635,0.466,"[{'combined': 0.551, 'polarity': 0.635, 'semantic': 0.466}]"
285,sst2,all-MiniLM-L6-v2,Triplet(minilm-6)(lambda=5),5.0,TripletLoss,5000,0.551,0.635,0.466,"[{'combined': 0.551, 'polarity': 0.635, 'semantic': 0.466}]"
286,sst2,all-MiniLM-L6-v2,Triplet(minilm-6)(lambda=1),1.0,TripletLoss,5000,0.55,0.635,0.466,"[{'combined': 0.55, 'polarity': 0.635, 'semantic': 0.466}]"
287,sst2,all-MiniLM-L6-v2,Triplet(minilm-6)(lambda=0.1),0.1,TripletLoss,5000,0.551,0.636,0.466,"[{'semantic': 0.466, 'combined': 0.551, 'polarity': 0.636}]"
288,sst2,all-MiniLM-L6-v2,Triplet(minilm-6)(lambda=0.01),0.01,TripletLoss,5000,0.551,0.635,0.466,"[{'polarity': 0.635, 'semantic': 0.466, 'combined': 0.551}]"
289,sst2,e5-small-v2,MultipleNegatives(e5-small),,MultipleNegativesRankingLoss,5000,0.837,0.82,0.854,"[{'combined': 0.837, 'polarity': 0.82, 'semantic': 0.854}]"
290,sst2,e5-small-v2,OnlineContrastive(e5-small)(lambda=1),1.0,OnlineContrastiveLoss,5000,0.84,0.824,0.855,"[{'combined': 0.84, 'polarity': 0.824, 'semantic': 0.855}]"
291,sst2,e5-small-v2,OnlineContrastive(e5-small)(lambda=0.75),0.75,OnlineContrastiveLoss,5000,0.839,0.824,0.855,"[{'polarity': 0.824, 'semantic': 0.855, 'combined': 0.839}]"
292,sst2,e5-small-v2,OnlineContrastive(e5-small)(lambda=0.5),0.5,OnlineContrastiveLoss,5000,0.838,0.821,0.855,"[{'semantic': 0.855, 'combined': 0.838, 'polarity': 0.821}]"
293,sst2,e5-small-v2,OnlineContrastive(e5-small)(lambda=0.25),0.25,OnlineContrastiveLoss,5000,0.836,0.817,0.855,"[{'polarity': 0.817, 'semantic': 0.855, 'combined': 0.836}]"
294,sst2,e5-small-v2,OnlineContrastive(e5-small)(lambda=0.1),0.1,OnlineContrastiveLoss,5000,0.834,0.813,0.855,"[{'combined': 0.834, 'polarity': 0.813, 'semantic': 0.855}]"
295,sst2,e5-small-v2,Contrastive(e5-small)(lambda=1),1.0,ContrastiveLoss,5000,0.84,0.824,0.855,"[{'combined': 0.84, 'polarity': 0.824, 'semantic': 0.855}]"
296,sst2,e5-small-v2,Contrastive(e5-small)(lambda=0.75),0.75,ContrastiveLoss,5000,0.839,0.824,0.855,"[{'polarity': 0.824, 'semantic': 0.855, 'combined': 0.839}]"
297,sst2,e5-small-v2,Contrastive(e5-small)(lambda=0.5),0.5,ContrastiveLoss,5000,0.838,0.821,0.855,"[{'semantic': 0.855, 'combined': 0.838, 'polarity': 0.821}]"
298,sst2,e5-small-v2,Contrastive(e5-small)(lambda=0.25),0.25,ContrastiveLoss,5000,0.836,0.816,0.855,"[{'polarity': 0.816, 'semantic': 0.855, 'combined': 0.836}]"
299,sst2,e5-small-v2,Contrastive(e5-small)(lambda=0.1),0.1,ContrastiveLoss,5000,0.834,0.813,0.855,"[{'combined': 0.834, 'polarity': 0.813, 'semantic': 0.855}]"
300,sst2,e5-small-v2,Triplet(e5-small)(lambda=10),10.0,TripletLoss,5000,0.843,0.831,0.855,"[{'combined': 0.843, 'polarity': 0.831, 'semantic': 0.855}]"
301,sst2,e5-small-v2,Triplet(e5-small)(lambda=7.5),7.5,TripletLoss,5000,0.843,0.831,0.855,"[{'combined': 0.843, 'polarity': 0.831, 'semantic': 0.855}]"
302,sst2,e5-small-v2,Triplet(e5-small)(lambda=5),5.0,TripletLoss,5000,0.843,0.831,0.855,"[{'semantic': 0.855, 'combined': 0.843, 'polarity': 0.831}]"
303,sst2,e5-small-v2,Triplet(e5-small)(lambda=1),1.0,TripletLoss,5000,0.843,0.83,0.855,"[{'combined': 0.843, 'polarity': 0.83, 'semantic': 0.855}]"
304,sst2,e5-small-v2,Triplet(e5-small)(lambda=0.1),0.1,TripletLoss,5000,0.842,0.829,0.855,"[{'combined': 0.842, 'polarity': 0.829, 'semantic': 0.855}]"
305,sst2,e5-small-v2,Triplet(e5-small)(lambda=0.01),0.01,TripletLoss,5000,0.839,0.823,0.855,"[{'semantic': 0.855, 'combined': 0.839, 'polarity': 0.823}]"
306,sst2,gte-small,MultipleNegatives(gte-small),,MultipleNegativesRankingLoss,5000,0.815,0.783,0.848,"[{'combined': 0.815, 'polarity': 0.783, 'semantic': 0.848}]"
307,sst2,gte-small,OnlineContrastive(gte-small)(lambda=1),1.0,OnlineContrastiveLoss,5000,0.816,0.784,0.848,"[{'combined': 0.816, 'polarity': 0.784, 'semantic': 0.848}]"
308,sst2,gte-small,OnlineContrastive(gte-small)(lambda=0.75),0.75,OnlineContrastiveLoss,5000,0.816,0.784,0.848,"[{'semantic': 0.848, 'combined': 0.816, 'polarity': 0.784}]"
309,sst2,gte-small,OnlineContrastive(gte-small)(lambda=0.5),0.5,OnlineContrastiveLoss,5000,0.816,0.783,0.848,"[{'combined': 0.816, 'polarity': 0.783, 'semantic': 0.848}]"
310,sst2,gte-small,OnlineContrastive(gte-small)(lambda=0.25),0.25,OnlineContrastiveLoss,5000,0.815,0.781,0.848,"[{'combined': 0.815, 'polarity': 0.781, 'semantic': 0.848}]"
311,sst2,gte-small,OnlineContrastive(gte-small)(lambda=0.1),0.1,OnlineContrastiveLoss,5000,0.813,0.779,0.848,"[{'combined': 0.813, 'polarity': 0.779, 'semantic': 0.848}]"
312,sst2,gte-small,Contrastive(gte-small)(lambda=1),1.0,ContrastiveLoss,5000,0.816,0.784,0.848,"[{'combined': 0.816, 'polarity': 0.784, 'semantic': 0.848}]"
313,sst2,gte-small,Contrastive(gte-small)(lambda=0.75),0.75,ContrastiveLoss,5000,0.816,0.784,0.848,"[{'polarity': 0.784, 'semantic': 0.848, 'combined': 0.816}]"
314,sst2,gte-small,Contrastive(gte-small)(lambda=0.5),0.5,ContrastiveLoss,5000,0.815,0.783,0.848,"[{'combined': 0.815, 'polarity': 0.783, 'semantic': 0.848}]"
315,sst2,gte-small,Contrastive(gte-small)(lambda=0.25),0.25,ContrastiveLoss,5000,0.814,0.781,0.848,"[{'combined': 0.814, 'polarity': 0.781, 'semantic': 0.848}]"
316,sst2,gte-small,Contrastive(gte-small)(lambda=0.1),0.1,ContrastiveLoss,5000,0.814,0.779,0.848,"[{'combined': 0.814, 'polarity': 0.779, 'semantic': 0.848}]"
317,sst2,gte-small,Triplet(gte-small)(lambda=10),10.0,TripletLoss,5000,0.818,0.789,0.848,"[{'combined': 0.818, 'polarity': 0.789, 'semantic': 0.848}]"
318,sst2,gte-small,Triplet(gte-small)(lambda=7.5),7.5,TripletLoss,5000,0.818,0.789,0.848,"[{'combined': 0.818, 'polarity': 0.789, 'semantic': 0.848}]"
319,sst2,gte-small,Triplet(gte-small)(lambda=5),5.0,TripletLoss,5000,0.818,0.789,0.848,"[{'semantic': 0.848, 'combined': 0.818, 'polarity': 0.789}]"
320,sst2,gte-small,Triplet(gte-small)(lambda=1),1.0,TripletLoss,5000,0.818,0.789,0.848,"[{'combined': 0.818, 'polarity': 0.789, 'semantic': 0.848}]"
321,sst2,gte-small,Triplet(gte-small)(lambda=0.1),0.1,TripletLoss,5000,0.818,0.788,0.848,"[{'semantic': 0.848, 'combined': 0.818, 'polarity': 0.788}]"
322,sst2,gte-small,Triplet(gte-small)(lambda=0.01),0.01,TripletLoss,5000,0.817,0.785,0.848,"[{'polarity': 0.785, 'semantic': 0.848, 'combined': 0.817}]"
323,sst2,gte-base,MultipleNegatives(gte-base),,MultipleNegativesRankingLoss,5000,0.822,0.808,0.837,"[{'combined': 0.822, 'polarity': 0.808, 'semantic': 0.837}]"
324,sst2,gte-base,OnlineContrastive(gte-base)(lambda=1),1.0,OnlineContrastiveLoss,5000,0.823,0.809,0.837,"[{'semantic': 0.837, 'combined': 0.823, 'polarity': 0.809}]"
325,sst2,gte-base,OnlineContrastive(gte-base)(lambda=0.75),0.75,OnlineContrastiveLoss,5000,0.823,0.809,0.837,"[{'polarity': 0.809, 'semantic': 0.837, 'combined': 0.823}]"
326,sst2,gte-base,OnlineContrastive(gte-base)(lambda=0.5),0.5,OnlineContrastiveLoss,5000,0.823,0.809,0.837,"[{'combined': 0.823, 'polarity': 0.809, 'semantic': 0.837}]"
327,sst2,gte-base,OnlineContrastive(gte-base)(lambda=0.25),0.25,OnlineContrastiveLoss,5000,0.822,0.807,0.837,"[{'combined': 0.822, 'polarity': 0.807, 'semantic': 0.837}]"
328,sst2,gte-base,OnlineContrastive(gte-base)(lambda=0.1),0.1,OnlineContrastiveLoss,5000,0.821,0.806,0.837,"[{'combined': 0.821, 'polarity': 0.806, 'semantic': 0.837}]"
329,sst2,gte-base,Contrastive(gte-base)(lambda=1),1.0,ContrastiveLoss,5000,0.823,0.809,0.837,"[{'combined': 0.823, 'polarity': 0.809, 'semantic': 0.837}]"
330,sst2,gte-base,Contrastive(gte-base)(lambda=0.75),0.75,ContrastiveLoss,5000,0.823,0.809,0.837,"[{'combined': 0.823, 'polarity': 0.809, 'semantic': 0.837}]"
331,sst2,gte-base,Contrastive(gte-base)(lambda=0.5),0.5,ContrastiveLoss,5000,0.823,0.809,0.837,"[{'combined': 0.823, 'polarity': 0.809, 'semantic': 0.837}]"
332,sst2,gte-base,Contrastive(gte-base)(lambda=0.25),0.25,ContrastiveLoss,5000,0.822,0.807,0.837,"[{'combined': 0.822, 'polarity': 0.807, 'semantic': 0.837}]"
333,sst2,gte-base,Contrastive(gte-base)(lambda=0.1),0.1,ContrastiveLoss,5000,0.821,0.805,0.837,"[{'polarity': 0.805, 'semantic': 0.837, 'combined': 0.821}]"
334,sst2,gte-base,Triplet(gte-base)(lambda=10),10.0,TripletLoss,5000,0.825,0.814,0.837,"[{'combined': 0.825, 'polarity': 0.814, 'semantic': 0.837}]"
335,sst2,gte-base,Triplet(gte-base)(lambda=7.5),7.5,TripletLoss,5000,0.826,0.814,0.837,"[{'combined': 0.826, 'polarity': 0.814, 'semantic': 0.837}]"
336,sst2,gte-base,Triplet(gte-base)(lambda=5),5.0,TripletLoss,5000,0.826,0.814,0.837,"[{'combined': 0.826, 'polarity': 0.814, 'semantic': 0.837}]"
337,sst2,gte-base,Triplet(gte-base)(lambda=1),1.0,TripletLoss,5000,0.826,0.814,0.837,"[{'combined': 0.826, 'polarity': 0.814, 'semantic': 0.837}]"
338,sst2,gte-base,Triplet(gte-base)(lambda=0.1),0.1,TripletLoss,5000,0.826,0.815,0.837,"[{'combined': 0.826, 'polarity': 0.815, 'semantic': 0.837}]"
339,sst2,gte-base,Triplet(gte-base)(lambda=0.01),0.01,TripletLoss,5000,0.824,0.812,0.837,"[{'combined': 0.824, 'polarity': 0.812, 'semantic': 0.837}]"
340,sst2,all-MiniLM-L6-v2,MultipleNegatives(minilm-6),,MultipleNegativesRankingLoss,2000,0.549,0.631,0.466,"[{'combined': 0.549, 'polarity': 0.631, 'semantic': 0.466}]"
341,sst2,all-MiniLM-L6-v2,OnlineContrastive(minilm-6)(lambda=1),1.0,OnlineContrastiveLoss,2000,0.548,0.63,0.466,"[{'polarity': 0.63, 'semantic': 0.466, 'combined': 0.548}]"
342,sst2,all-MiniLM-L6-v2,OnlineContrastive(minilm-6)(lambda=0.75),0.75,OnlineContrastiveLoss,2000,0.548,0.63,0.466,"[{'combined': 0.548, 'polarity': 0.63, 'semantic': 0.466}]"
343,sst2,all-MiniLM-L6-v2,OnlineContrastive(minilm-6)(lambda=0.5),0.5,OnlineContrastiveLoss,2000,0.548,0.63,0.466,"[{'semantic': 0.466, 'combined': 0.548, 'polarity': 0.63}]"
344,sst2,all-MiniLM-L6-v2,OnlineContrastive(minilm-6)(lambda=0.25),0.25,OnlineContrastiveLoss,2000,0.548,0.63,0.466,"[{'semantic': 0.466, 'combined': 0.548, 'polarity': 0.63}]"
345,sst2,all-MiniLM-L6-v2,OnlineContrastive(minilm-6)(lambda=0.1),0.1,OnlineContrastiveLoss,2000,0.548,0.63,0.466,"[{'combined': 0.548, 'polarity': 0.63, 'semantic': 0.466}]"
346,sst2,all-MiniLM-L6-v2,Contrastive(minilm-6)(lambda=1),1.0,ContrastiveLoss,2000,0.548,0.63,0.466,"[{'combined': 0.548, 'polarity': 0.63, 'semantic': 0.466}]"
347,sst2,all-MiniLM-L6-v2,Contrastive(minilm-6)(lambda=0.75),0.75,ContrastiveLoss,2000,0.548,0.63,0.466,"[{'combined': 0.548, 'polarity': 0.63, 'semantic': 0.466}]"
348,sst2,all-MiniLM-L6-v2,Contrastive(minilm-6)(lambda=0.5),0.5,ContrastiveLoss,2000,0.548,0.629,0.466,"[{'combined': 0.548, 'polarity': 0.629, 'semantic': 0.466}]"
349,sst2,all-MiniLM-L6-v2,Contrastive(minilm-6)(lambda=0.25),0.25,ContrastiveLoss,2000,0.548,0.629,0.466,"[{'semantic': 0.466, 'combined': 0.548, 'polarity': 0.629}]"
350,sst2,all-MiniLM-L6-v2,Contrastive(minilm-6)(lambda=0.1),0.1,ContrastiveLoss,2000,0.548,0.629,0.466,"[{'semantic': 0.466, 'combined': 0.548, 'polarity': 0.629}]"
351,sst2,all-MiniLM-L6-v2,Triplet(minilm-6)(lambda=10),10.0,TripletLoss,2000,0.548,0.631,0.466,"[{'combined': 0.548, 'polarity': 0.631, 'semantic': 0.466}]"
352,sst2,all-MiniLM-L6-v2,Triplet(minilm-6)(lambda=7.5),7.5,TripletLoss,2000,0.549,0.631,0.466,"[{'combined': 0.549, 'polarity': 0.631, 'semantic': 0.466}]"
353,sst2,all-MiniLM-L6-v2,Triplet(minilm-6)(lambda=5),5.0,TripletLoss,2000,0.549,0.631,0.466,"[{'semantic': 0.466, 'combined': 0.549, 'polarity': 0.631}]"
354,sst2,all-MiniLM-L6-v2,Triplet(minilm-6)(lambda=1),1.0,TripletLoss,2000,0.549,0.631,0.466,"[{'combined': 0.549, 'polarity': 0.631, 'semantic': 0.466}]"
355,sst2,all-MiniLM-L6-v2,Triplet(minilm-6)(lambda=0.1),0.1,TripletLoss,2000,0.549,0.631,0.466,"[{'combined': 0.549, 'polarity': 0.631, 'semantic': 0.466}]"
356,sst2,all-MiniLM-L6-v2,Triplet(minilm-6)(lambda=0.01),0.01,TripletLoss,2000,0.549,0.631,0.466,"[{'semantic': 0.466, 'combined': 0.549, 'polarity': 0.631}]"
357,sst2,e5-small-v2,MultipleNegatives(e5-small),,MultipleNegativesRankingLoss,2000,0.835,0.816,0.855,"[{'combined': 0.835, 'polarity': 0.816, 'semantic': 0.855}]"
358,sst2,e5-small-v2,OnlineContrastive(e5-small)(lambda=1),1.0,OnlineContrastiveLoss,2000,0.836,0.816,0.855,"[{'combined': 0.836, 'polarity': 0.816, 'semantic': 0.855}]"
359,sst2,e5-small-v2,OnlineContrastive(e5-small)(lambda=0.75),0.75,OnlineContrastiveLoss,2000,0.835,0.816,0.855,"[{'combined': 0.835, 'polarity': 0.816, 'semantic': 0.855}]"
360,sst2,e5-small-v2,OnlineContrastive(e5-small)(lambda=0.5),0.5,OnlineContrastiveLoss,2000,0.835,0.815,0.855,"[{'polarity': 0.815, 'semantic': 0.855, 'combined': 0.835}]"
361,sst2,e5-small-v2,OnlineContrastive(e5-small)(lambda=0.25),0.25,OnlineContrastiveLoss,2000,0.835,0.814,0.855,"[{'combined': 0.835, 'polarity': 0.814, 'semantic': 0.855}]"
362,sst2,e5-small-v2,OnlineContrastive(e5-small)(lambda=0.1),0.1,OnlineContrastiveLoss,2000,0.834,0.814,0.855,"[{'polarity': 0.814, 'semantic': 0.855, 'combined': 0.834}]"
363,sst2,e5-small-v2,Contrastive(e5-small)(lambda=1),1.0,ContrastiveLoss,2000,0.836,0.816,0.855,"[{'combined': 0.836, 'polarity': 0.816, 'semantic': 0.855}]"
364,sst2,e5-small-v2,Contrastive(e5-small)(lambda=0.75),0.75,ContrastiveLoss,2000,0.836,0.816,0.855,"[{'combined': 0.836, 'polarity': 0.816, 'semantic': 0.855}]"
365,sst2,e5-small-v2,Contrastive(e5-small)(lambda=0.5),0.5,ContrastiveLoss,2000,0.835,0.815,0.855,"[{'combined': 0.835, 'polarity': 0.815, 'semantic': 0.855}]"
366,sst2,e5-small-v2,Contrastive(e5-small)(lambda=0.25),0.25,ContrastiveLoss,2000,0.835,0.814,0.855,"[{'combined': 0.835, 'polarity': 0.814, 'semantic': 0.855}]"
367,sst2,e5-small-v2,Contrastive(e5-small)(lambda=0.1),0.1,ContrastiveLoss,2000,0.834,0.814,0.855,"[{'combined': 0.834, 'polarity': 0.814, 'semantic': 0.855}]"
368,sst2,e5-small-v2,Triplet(e5-small)(lambda=10),10.0,TripletLoss,2000,0.836,0.817,0.855,"[{'semantic': 0.855, 'combined': 0.836, 'polarity': 0.817}]"
369,sst2,e5-small-v2,Triplet(e5-small)(lambda=7.5),7.5,TripletLoss,2000,0.836,0.817,0.855,"[{'combined': 0.836, 'polarity': 0.817, 'semantic': 0.855}]"
370,sst2,e5-small-v2,Triplet(e5-small)(lambda=5),5.0,TripletLoss,2000,0.836,0.817,0.855,"[{'combined': 0.836, 'polarity': 0.817, 'semantic': 0.855}]"
371,sst2,e5-small-v2,Triplet(e5-small)(lambda=1),1.0,TripletLoss,2000,0.836,0.817,0.855,"[{'combined': 0.836, 'polarity': 0.817, 'semantic': 0.855}]"
372,sst2,e5-small-v2,Triplet(e5-small)(lambda=0.1),0.1,TripletLoss,2000,0.836,0.817,0.855,"[{'combined': 0.836, 'polarity': 0.817, 'semantic': 0.855}]"
373,sst2,e5-small-v2,Triplet(e5-small)(lambda=0.01),0.01,TripletLoss,2000,0.835,0.815,0.855,"[{'combined': 0.835, 'polarity': 0.815, 'semantic': 0.855}]"
374,sst2,gte-small,MultipleNegatives(gte-small),,MultipleNegativesRankingLoss,2000,0.813,0.778,0.848,"[{'combined': 0.813, 'polarity': 0.778, 'semantic': 0.848}]"
375,sst2,gte-small,OnlineContrastive(gte-small)(lambda=1),1.0,OnlineContrastiveLoss,2000,0.813,0.779,0.848,"[{'semantic': 0.848, 'combined': 0.813, 'polarity': 0.779}]"
376,sst2,gte-small,OnlineContrastive(gte-small)(lambda=0.75),0.75,OnlineContrastiveLoss,2000,0.813,0.779,0.848,"[{'combined': 0.813, 'polarity': 0.779, 'semantic': 0.848}]"
377,sst2,gte-small,OnlineContrastive(gte-small)(lambda=0.5),0.5,OnlineContrastiveLoss,2000,0.814,0.779,0.848,"[{'polarity': 0.779, 'semantic': 0.848, 'combined': 0.814}]"
378,sst2,gte-small,OnlineContrastive(gte-small)(lambda=0.25),0.25,OnlineContrastiveLoss,2000,0.813,0.778,0.848,"[{'semantic': 0.848, 'combined': 0.813, 'polarity': 0.778}]"
379,sst2,gte-small,OnlineContrastive(gte-small)(lambda=0.1),0.1,OnlineContrastiveLoss,2000,0.813,0.778,0.848,"[{'polarity': 0.778, 'semantic': 0.848, 'combined': 0.813}]"
380,sst2,gte-small,Contrastive(gte-small)(lambda=1),1.0,ContrastiveLoss,2000,0.813,0.779,0.848,"[{'semantic': 0.848, 'combined': 0.813, 'polarity': 0.779}]"
381,sst2,gte-small,Contrastive(gte-small)(lambda=0.75),0.75,ContrastiveLoss,2000,0.813,0.779,0.848,"[{'combined': 0.813, 'polarity': 0.779, 'semantic': 0.848}]"
382,sst2,gte-small,Contrastive(gte-small)(lambda=0.5),0.5,ContrastiveLoss,2000,0.814,0.779,0.848,"[{'combined': 0.814, 'polarity': 0.779, 'semantic': 0.848}]"
383,sst2,gte-small,Contrastive(gte-small)(lambda=0.25),0.25,ContrastiveLoss,2000,0.813,0.778,0.848,"[{'combined': 0.813, 'polarity': 0.778, 'semantic': 0.848}]"
384,sst2,gte-small,Contrastive(gte-small)(lambda=0.1),0.1,ContrastiveLoss,2000,0.813,0.778,0.848,"[{'combined': 0.813, 'polarity': 0.778, 'semantic': 0.848}]"
385,sst2,gte-small,Triplet(gte-small)(lambda=10),10.0,TripletLoss,2000,0.814,0.779,0.848,"[{'semantic': 0.848, 'combined': 0.814, 'polarity': 0.779}]"
386,sst2,gte-small,Triplet(gte-small)(lambda=7.5),7.5,TripletLoss,2000,0.814,0.779,0.848,"[{'combined': 0.814, 'polarity': 0.779, 'semantic': 0.848}]"
387,sst2,gte-small,Triplet(gte-small)(lambda=5),5.0,TripletLoss,2000,0.814,0.779,0.848,"[{'combined': 0.814, 'polarity': 0.779, 'semantic': 0.848}]"
388,sst2,gte-small,Triplet(gte-small)(lambda=1),1.0,TripletLoss,2000,0.814,0.779,0.848,"[{'combined': 0.814, 'polarity': 0.779, 'semantic': 0.848}]"
389,sst2,gte-small,Triplet(gte-small)(lambda=0.1),0.1,TripletLoss,2000,0.814,0.779,0.848,"[{'combined': 0.814, 'polarity': 0.779, 'semantic': 0.848}]"
390,sst2,gte-small,Triplet(gte-small)(lambda=0.01),0.01,TripletLoss,2000,0.814,0.779,0.848,"[{'combined': 0.814, 'polarity': 0.779, 'semantic': 0.848}]"
391,sst2,gte-base,MultipleNegatives(gte-base),,MultipleNegativesRankingLoss,2000,0.821,0.804,0.837,"[{'combined': 0.821, 'polarity': 0.804, 'semantic': 0.837}]"
392,sst2,gte-base,OnlineContrastive(gte-base)(lambda=1),1.0,OnlineContrastiveLoss,2000,0.821,0.805,0.837,"[{'polarity': 0.805, 'semantic': 0.837, 'combined': 0.821}]"
393,sst2,gte-base,OnlineContrastive(gte-base)(lambda=0.75),0.75,OnlineContrastiveLoss,2000,0.821,0.805,0.837,"[{'combined': 0.821, 'polarity': 0.805, 'semantic': 0.837}]"
394,sst2,gte-base,OnlineContrastive(gte-base)(lambda=0.5),0.5,OnlineContrastiveLoss,2000,0.821,0.805,0.837,"[{'combined': 0.821, 'polarity': 0.805, 'semantic': 0.837}]"
395,sst2,gte-base,OnlineContrastive(gte-base)(lambda=0.25),0.25,OnlineContrastiveLoss,2000,0.821,0.805,0.837,"[{'combined': 0.821, 'polarity': 0.805, 'semantic': 0.837}]"
396,sst2,gte-base,OnlineContrastive(gte-base)(lambda=0.1),0.1,OnlineContrastiveLoss,2000,0.821,0.804,0.837,"[{'semantic': 0.837, 'combined': 0.821, 'polarity': 0.804}]"
397,sst2,gte-base,Contrastive(gte-base)(lambda=1),1.0,ContrastiveLoss,2000,0.821,0.805,0.837,"[{'combined': 0.821, 'polarity': 0.805, 'semantic': 0.837}]"
398,sst2,gte-base,Contrastive(gte-base)(lambda=0.75),0.75,ContrastiveLoss,2000,0.821,0.805,0.837,"[{'combined': 0.821, 'polarity': 0.805, 'semantic': 0.837}]"
399,sst2,gte-base,Contrastive(gte-base)(lambda=0.5),0.5,ContrastiveLoss,2000,0.821,0.804,0.837,"[{'semantic': 0.837, 'combined': 0.821, 'polarity': 0.804}]"
400,sst2,gte-base,Contrastive(gte-base)(lambda=0.25),0.25,ContrastiveLoss,2000,0.821,0.805,0.837,"[{'combined': 0.821, 'polarity': 0.805, 'semantic': 0.837}]"
401,sst2,gte-base,Contrastive(gte-base)(lambda=0.1),0.1,ContrastiveLoss,2000,0.821,0.805,0.837,"[{'combined': 0.821, 'polarity': 0.805, 'semantic': 0.837}]"
402,sst2,gte-base,Triplet(gte-base)(lambda=10),10.0,TripletLoss,2000,0.821,0.805,0.837,"[{'combined': 0.821, 'polarity': 0.805, 'semantic': 0.837}]"
403,sst2,gte-base,Triplet(gte-base)(lambda=7.5),7.5,TripletLoss,2000,0.821,0.805,0.837,"[{'combined': 0.821, 'polarity': 0.805, 'semantic': 0.837}]"
404,sst2,gte-base,Triplet(gte-base)(lambda=5),5.0,TripletLoss,2000,0.821,0.805,0.837,"[{'combined': 0.821, 'polarity': 0.805, 'semantic': 0.837}]"
405,sst2,gte-base,Triplet(gte-base)(lambda=1),1.0,TripletLoss,2000,0.821,0.805,0.837,"[{'combined': 0.821, 'polarity': 0.805, 'semantic': 0.837}]"
406,sst2,gte-base,Triplet(gte-base)(lambda=0.1),0.1,TripletLoss,2000,0.821,0.805,0.837,"[{'combined': 0.821, 'polarity': 0.805, 'semantic': 0.837}]"
407,sst2,gte-base,Triplet(gte-base)(lambda=0.01),0.01,TripletLoss,2000,0.821,0.805,0.837,"[{'combined': 0.821, 'polarity': 0.805, 'semantic': 0.837}]"
408,sst2,all-MiniLM-L6-v2,MultipleNegatives(minilm-6),,MultipleNegativesRankingLoss,500,0.548,0.63,0.466,"[{'semantic': 0.466, 'combined': 0.548, 'polarity': 0.63}]"
409,sst2,all-MiniLM-L6-v2,OnlineContrastive(minilm-6)(lambda=1),1.0,OnlineContrastiveLoss,500,0.548,0.63,0.466,"[{'combined': 0.548, 'polarity': 0.63, 'semantic': 0.466}]"
410,sst2,all-MiniLM-L6-v2,OnlineContrastive(minilm-6)(lambda=0.75),0.75,OnlineContrastiveLoss,500,0.548,0.63,0.466,"[{'combined': 0.548, 'polarity': 0.63, 'semantic': 0.466}]"
411,sst2,all-MiniLM-L6-v2,OnlineContrastive(minilm-6)(lambda=0.5),0.5,OnlineContrastiveLoss,500,0.548,0.63,0.466,"[{'combined': 0.548, 'polarity': 0.63, 'semantic': 0.466}]"
412,sst2,all-MiniLM-L6-v2,OnlineContrastive(minilm-6)(lambda=0.25),0.25,OnlineContrastiveLoss,500,0.548,0.63,0.466,"[{'combined': 0.548, 'polarity': 0.63, 'semantic': 0.466}]"
413,sst2,all-MiniLM-L6-v2,OnlineContrastive(minilm-6)(lambda=0.1),0.1,OnlineContrastiveLoss,500,0.548,0.63,0.466,"[{'polarity': 0.63, 'semantic': 0.466, 'combined': 0.548}]"
414,sst2,all-MiniLM-L6-v2,Contrastive(minilm-6)(lambda=1),1.0,ContrastiveLoss,500,0.548,0.63,0.466,"[{'semantic': 0.466, 'combined': 0.548, 'polarity': 0.63}]"
415,sst2,all-MiniLM-L6-v2,Contrastive(minilm-6)(lambda=0.75),0.75,ContrastiveLoss,500,0.548,0.63,0.466,"[{'combined': 0.548, 'polarity': 0.63, 'semantic': 0.466}]"
416,sst2,all-MiniLM-L6-v2,Contrastive(minilm-6)(lambda=0.5),0.5,ContrastiveLoss,500,0.548,0.63,0.466,"[{'combined': 0.548, 'polarity': 0.63, 'semantic': 0.466}]"
417,sst2,all-MiniLM-L6-v2,Contrastive(minilm-6)(lambda=0.25),0.25,ContrastiveLoss,500,0.548,0.63,0.466,"[{'combined': 0.548, 'polarity': 0.63, 'semantic': 0.466}]"
418,sst2,all-MiniLM-L6-v2,Contrastive(minilm-6)(lambda=0.1),0.1,ContrastiveLoss,500,0.548,0.63,0.466,"[{'combined': 0.548, 'polarity': 0.63, 'semantic': 0.466}]"
419,sst2,all-MiniLM-L6-v2,Triplet(minilm-6)(lambda=10),10.0,TripletLoss,500,0.548,0.63,0.466,"[{'combined': 0.548, 'polarity': 0.63, 'semantic': 0.466}]"
420,sst2,all-MiniLM-L6-v2,Triplet(minilm-6)(lambda=7.5),7.5,TripletLoss,500,0.548,0.63,0.466,"[{'combined': 0.548, 'polarity': 0.63, 'semantic': 0.466}]"
421,sst2,all-MiniLM-L6-v2,Triplet(minilm-6)(lambda=5),5.0,TripletLoss,500,0.548,0.63,0.466,"[{'semantic': 0.466, 'combined': 0.548, 'polarity': 0.63}]"
422,sst2,all-MiniLM-L6-v2,Triplet(minilm-6)(lambda=1),1.0,TripletLoss,500,0.548,0.63,0.466,"[{'semantic': 0.466, 'combined': 0.548, 'polarity': 0.63}]"
423,sst2,all-MiniLM-L6-v2,Triplet(minilm-6)(lambda=0.1),0.1,TripletLoss,500,0.548,0.63,0.466,"[{'combined': 0.548, 'polarity': 0.63, 'semantic': 0.466}]"
424,sst2,all-MiniLM-L6-v2,Triplet(minilm-6)(lambda=0.01),0.01,TripletLoss,500,0.548,0.63,0.466,"[{'combined': 0.548, 'polarity': 0.63, 'semantic': 0.466}]"
425,sst2,e5-small-v2,MultipleNegatives(e5-small),,MultipleNegativesRankingLoss,500,0.835,0.815,0.855,"[{'combined': 0.835, 'polarity': 0.815, 'semantic': 0.855}]"
426,sst2,e5-small-v2,OnlineContrastive(e5-small)(lambda=1),1.0,OnlineContrastiveLoss,500,0.835,0.815,0.855,"[{'semantic': 0.855, 'combined': 0.835, 'polarity': 0.815}]"
427,sst2,e5-small-v2,OnlineContrastive(e5-small)(lambda=0.75),0.75,OnlineContrastiveLoss,500,0.835,0.815,0.855,"[{'combined': 0.835, 'polarity': 0.815, 'semantic': 0.855}]"
428,sst2,e5-small-v2,OnlineContrastive(e5-small)(lambda=0.5),0.5,OnlineContrastiveLoss,500,0.835,0.815,0.855,"[{'polarity': 0.815, 'semantic': 0.855, 'combined': 0.835}]"
429,sst2,e5-small-v2,OnlineContrastive(e5-small)(lambda=0.25),0.25,OnlineContrastiveLoss,500,0.835,0.815,0.855,"[{'semantic': 0.855, 'combined': 0.835, 'polarity': 0.815}]"
430,sst2,e5-small-v2,OnlineContrastive(e5-small)(lambda=0.1),0.1,OnlineContrastiveLoss,500,0.835,0.815,0.855,"[{'polarity': 0.815, 'semantic': 0.855, 'combined': 0.835}]"
431,sst2,e5-small-v2,Contrastive(e5-small)(lambda=1),1.0,ContrastiveLoss,500,0.835,0.815,0.855,"[{'combined': 0.835, 'polarity': 0.815, 'semantic': 0.855}]"
432,sst2,e5-small-v2,Contrastive(e5-small)(lambda=0.75),0.75,ContrastiveLoss,500,0.835,0.815,0.855,"[{'combined': 0.835, 'polarity': 0.815, 'semantic': 0.855}]"
433,sst2,e5-small-v2,Contrastive(e5-small)(lambda=0.5),0.5,ContrastiveLoss,500,0.835,0.815,0.855,"[{'combined': 0.835, 'polarity': 0.815, 'semantic': 0.855}]"
434,sst2,e5-small-v2,Contrastive(e5-small)(lambda=0.25),0.25,ContrastiveLoss,500,0.835,0.815,0.855,"[{'combined': 0.835, 'polarity': 0.815, 'semantic': 0.855}]"
435,sst2,e5-small-v2,Contrastive(e5-small)(lambda=0.1),0.1,ContrastiveLoss,500,0.835,0.815,0.855,"[{'combined': 0.835, 'polarity': 0.815, 'semantic': 0.855}]"
436,sst2,e5-small-v2,Triplet(e5-small)(lambda=10),10.0,TripletLoss,500,0.835,0.815,0.855,"[{'combined': 0.835, 'polarity': 0.815, 'semantic': 0.855}]"
437,sst2,e5-small-v2,Triplet(e5-small)(lambda=7.5),7.5,TripletLoss,500,0.835,0.815,0.855,"[{'combined': 0.835, 'polarity': 0.815, 'semantic': 0.855}]"
438,sst2,e5-small-v2,Triplet(e5-small)(lambda=5),5.0,TripletLoss,500,0.835,0.815,0.855,"[{'combined': 0.835, 'polarity': 0.815, 'semantic': 0.855}]"
439,sst2,e5-small-v2,Triplet(e5-small)(lambda=1),1.0,TripletLoss,500,0.835,0.815,0.855,"[{'combined': 0.835, 'polarity': 0.815, 'semantic': 0.855}]"
440,sst2,e5-small-v2,Triplet(e5-small)(lambda=0.1),0.1,TripletLoss,500,0.835,0.815,0.855,"[{'semantic': 0.855, 'combined': 0.835, 'polarity': 0.815}]"
441,sst2,e5-small-v2,Triplet(e5-small)(lambda=0.01),0.01,TripletLoss,500,0.835,0.815,0.855,"[{'combined': 0.835, 'polarity': 0.815, 'semantic': 0.855}]"
442,sst2,gte-small,MultipleNegatives(gte-small),,MultipleNegativesRankingLoss,500,0.813,0.778,0.848,"[{'combined': 0.813, 'polarity': 0.778, 'semantic': 0.848}]"
443,sst2,gte-small,OnlineContrastive(gte-small)(lambda=1),1.0,OnlineContrastiveLoss,500,0.813,0.778,0.848,"[{'combined': 0.813, 'polarity': 0.778, 'semantic': 0.848}]"
444,sst2,gte-small,OnlineContrastive(gte-small)(lambda=0.75),0.75,OnlineContrastiveLoss,500,0.813,0.778,0.848,"[{'semantic': 0.848, 'combined': 0.813, 'polarity': 0.778}]"
445,sst2,gte-small,OnlineContrastive(gte-small)(lambda=0.5),0.5,OnlineContrastiveLoss,500,0.813,0.778,0.848,"[{'combined': 0.813, 'polarity': 0.778, 'semantic': 0.848}]"
446,sst2,gte-small,OnlineContrastive(gte-small)(lambda=0.25),0.25,OnlineContrastiveLoss,500,0.813,0.778,0.848,"[{'combined': 0.813, 'polarity': 0.778, 'semantic': 0.848}]"
447,sst2,gte-small,OnlineContrastive(gte-small)(lambda=0.1),0.1,OnlineContrastiveLoss,500,0.813,0.778,0.848,"[{'combined': 0.813, 'polarity': 0.778, 'semantic': 0.848}]"
448,sst2,gte-small,Contrastive(gte-small)(lambda=1),1.0,ContrastiveLoss,500,0.813,0.778,0.848,"[{'semantic': 0.848, 'combined': 0.813, 'polarity': 0.778}]"
449,sst2,gte-small,Contrastive(gte-small)(lambda=0.75),0.75,ContrastiveLoss,500,0.813,0.778,0.848,"[{'polarity': 0.778, 'semantic': 0.848, 'combined': 0.813}]"
450,sst2,gte-small,Contrastive(gte-small)(lambda=0.5),0.5,ContrastiveLoss,500,0.813,0.778,0.848,"[{'combined': 0.813, 'polarity': 0.778, 'semantic': 0.848}]"
451,sst2,gte-small,Contrastive(gte-small)(lambda=0.25),0.25,ContrastiveLoss,500,0.813,0.778,0.848,"[{'combined': 0.813, 'polarity': 0.778, 'semantic': 0.848}]"
452,sst2,gte-small,Contrastive(gte-small)(lambda=0.1),0.1,ContrastiveLoss,500,0.813,0.778,0.848,"[{'combined': 0.813, 'polarity': 0.778, 'semantic': 0.848}]"
453,sst2,gte-small,Triplet(gte-small)(lambda=10),10.0,TripletLoss,500,0.813,0.778,0.848,"[{'semantic': 0.848, 'combined': 0.813, 'polarity': 0.778}]"
454,sst2,gte-small,Triplet(gte-small)(lambda=7.5),7.5,TripletLoss,500,0.813,0.778,0.848,"[{'combined': 0.813, 'polarity': 0.778, 'semantic': 0.848}]"
455,sst2,gte-small,Triplet(gte-small)(lambda=5),5.0,TripletLoss,500,0.813,0.778,0.848,"[{'combined': 0.813, 'polarity': 0.778, 'semantic': 0.848}]"
456,sst2,gte-small,Triplet(gte-small)(lambda=1),1.0,TripletLoss,500,0.813,0.778,0.848,"[{'semantic': 0.848, 'combined': 0.813, 'polarity': 0.778}]"
457,sst2,gte-small,Triplet(gte-small)(lambda=0.1),0.1,TripletLoss,500,0.813,0.778,0.848,"[{'combined': 0.813, 'polarity': 0.778, 'semantic': 0.848}]"
458,sst2,gte-small,Triplet(gte-small)(lambda=0.01),0.01,TripletLoss,500,0.813,0.778,0.848,"[{'combined': 0.813, 'polarity': 0.778, 'semantic': 0.848}]"
459,sst2,gte-base,MultipleNegatives(gte-base),,MultipleNegativesRankingLoss,500,0.821,0.804,0.837,"[{'combined': 0.821, 'polarity': 0.804, 'semantic': 0.837}]"
460,sst2,gte-base,OnlineContrastive(gte-base)(lambda=1),1.0,OnlineContrastiveLoss,500,0.82,0.804,0.837,"[{'combined': 0.82, 'polarity': 0.804, 'semantic': 0.837}]"
461,sst2,gte-base,OnlineContrastive(gte-base)(lambda=0.75),0.75,OnlineContrastiveLoss,500,0.82,0.804,0.837,"[{'polarity': 0.804, 'semantic': 0.837, 'combined': 0.82}]"
462,sst2,gte-base,OnlineContrastive(gte-base)(lambda=0.5),0.5,OnlineContrastiveLoss,500,0.82,0.804,0.837,"[{'combined': 0.82, 'polarity': 0.804, 'semantic': 0.837}]"
463,sst2,gte-base,OnlineContrastive(gte-base)(lambda=0.25),0.25,OnlineContrastiveLoss,500,0.82,0.804,0.837,"[{'semantic': 0.837, 'combined': 0.82, 'polarity': 0.804}]"
464,sst2,gte-base,OnlineContrastive(gte-base)(lambda=0.1),0.1,OnlineContrastiveLoss,500,0.82,0.804,0.837,"[{'combined': 0.82, 'polarity': 0.804, 'semantic': 0.837}]"
465,sst2,gte-base,Contrastive(gte-base)(lambda=1),1.0,ContrastiveLoss,500,0.82,0.804,0.837,"[{'semantic': 0.837, 'combined': 0.82, 'polarity': 0.804}]"
466,sst2,gte-base,Contrastive(gte-base)(lambda=0.75),0.75,ContrastiveLoss,500,0.82,0.804,0.837,"[{'combined': 0.82, 'polarity': 0.804, 'semantic': 0.837}]"
467,sst2,gte-base,Contrastive(gte-base)(lambda=0.5),0.5,ContrastiveLoss,500,0.82,0.804,0.837,"[{'combined': 0.82, 'polarity': 0.804, 'semantic': 0.837}]"
468,sst2,gte-base,Contrastive(gte-base)(lambda=0.25),0.25,ContrastiveLoss,500,0.82,0.804,0.837,"[{'combined': 0.82, 'polarity': 0.804, 'semantic': 0.837}]"
469,sst2,gte-base,Contrastive(gte-base)(lambda=0.1),0.1,ContrastiveLoss,500,0.821,0.804,0.837,"[{'combined': 0.821, 'polarity': 0.804, 'semantic': 0.837}]"
470,sst2,gte-base,Triplet(gte-base)(lambda=10),10.0,TripletLoss,500,0.82,0.804,0.837,"[{'combined': 0.82, 'polarity': 0.804, 'semantic': 0.837}]"
471,sst2,gte-base,Triplet(gte-base)(lambda=7.5),7.5,TripletLoss,500,0.82,0.804,0.837,"[{'combined': 0.82, 'polarity': 0.804, 'semantic': 0.837}]"
472,sst2,gte-base,Triplet(gte-base)(lambda=5),5.0,TripletLoss,500,0.82,0.804,0.837,"[{'semantic': 0.837, 'combined': 0.82, 'polarity': 0.804}]"
473,sst2,gte-base,Triplet(gte-base)(lambda=1),1.0,TripletLoss,500,0.82,0.804,0.837,"[{'semantic': 0.837, 'combined': 0.82, 'polarity': 0.804}]"
474,sst2,gte-base,Triplet(gte-base)(lambda=0.1),0.1,TripletLoss,500,0.82,0.804,0.837,"[{'combined': 0.82, 'polarity': 0.804, 'semantic': 0.837}]"
475,sst2,gte-base,Triplet(gte-base)(lambda=0.01),0.01,TripletLoss,500,0.82,0.804,0.837,"[{'combined': 0.82, 'polarity': 0.804, 'semantic': 0.837}]"
476,sst2,all-MiniLM-L6-v2,MultipleNegatives(minilm-6),,MultipleNegativesRankingLoss,50,0.548,0.63,0.466,"[{'combined': 0.548, 'polarity': 0.63, 'semantic': 0.466}]"
477,sst2,all-MiniLM-L6-v2,OnlineContrastive(minilm-6)(lambda=1),1.0,OnlineContrastiveLoss,50,0.548,0.63,0.466,"[{'combined': 0.548, 'polarity': 0.63, 'semantic': 0.466}]"
478,sst2,all-MiniLM-L6-v2,OnlineContrastive(minilm-6)(lambda=0.75),0.75,OnlineContrastiveLoss,50,0.548,0.63,0.466,"[{'combined': 0.548, 'polarity': 0.63, 'semantic': 0.466}]"
479,sst2,all-MiniLM-L6-v2,OnlineContrastive(minilm-6)(lambda=0.5),0.5,OnlineContrastiveLoss,50,0.548,0.63,0.466,"[{'combined': 0.548, 'polarity': 0.63, 'semantic': 0.466}]"
480,sst2,all-MiniLM-L6-v2,OnlineContrastive(minilm-6)(lambda=0.25),0.25,OnlineContrastiveLoss,50,0.548,0.63,0.466,"[{'combined': 0.548, 'polarity': 0.63, 'semantic': 0.466}]"
481,sst2,all-MiniLM-L6-v2,OnlineContrastive(minilm-6)(lambda=0.1),0.1,OnlineContrastiveLoss,50,0.548,0.63,0.466,"[{'combined': 0.548, 'polarity': 0.63, 'semantic': 0.466}]"
482,sst2,all-MiniLM-L6-v2,Contrastive(minilm-6)(lambda=1),1.0,ContrastiveLoss,50,0.548,0.63,0.466,"[{'combined': 0.548, 'polarity': 0.63, 'semantic': 0.466}]"
483,sst2,all-MiniLM-L6-v2,Contrastive(minilm-6)(lambda=0.75),0.75,ContrastiveLoss,50,0.548,0.63,0.466,"[{'polarity': 0.63, 'semantic': 0.466, 'combined': 0.548}]"
484,sst2,all-MiniLM-L6-v2,Contrastive(minilm-6)(lambda=0.5),0.5,ContrastiveLoss,50,0.548,0.63,0.466,"[{'combined': 0.548, 'polarity': 0.63, 'semantic': 0.466}]"
485,sst2,all-MiniLM-L6-v2,Contrastive(minilm-6)(lambda=0.25),0.25,ContrastiveLoss,50,0.548,0.63,0.466,"[{'semantic': 0.466, 'combined': 0.548, 'polarity': 0.63}]"
486,sst2,all-MiniLM-L6-v2,Contrastive(minilm-6)(lambda=0.1),0.1,ContrastiveLoss,50,0.548,0.63,0.466,"[{'combined': 0.548, 'polarity': 0.63, 'semantic': 0.466}]"
487,sst2,all-MiniLM-L6-v2,Triplet(minilm-6)(lambda=10),10.0,TripletLoss,50,0.548,0.63,0.466,"[{'combined': 0.548, 'polarity': 0.63, 'semantic': 0.466}]"
488,sst2,all-MiniLM-L6-v2,Triplet(minilm-6)(lambda=7.5),7.5,TripletLoss,50,0.548,0.63,0.466,"[{'combined': 0.548, 'polarity': 0.63, 'semantic': 0.466}]"
489,sst2,all-MiniLM-L6-v2,Triplet(minilm-6)(lambda=5),5.0,TripletLoss,50,0.548,0.63,0.466,"[{'combined': 0.548, 'polarity': 0.63, 'semantic': 0.466}]"
490,sst2,all-MiniLM-L6-v2,Triplet(minilm-6)(lambda=1),1.0,TripletLoss,50,0.548,0.63,0.466,"[{'polarity': 0.63, 'semantic': 0.466, 'combined': 0.548}]"
491,sst2,all-MiniLM-L6-v2,Triplet(minilm-6)(lambda=0.1),0.1,TripletLoss,50,0.548,0.63,0.466,"[{'combined': 0.548, 'polarity': 0.63, 'semantic': 0.466}]"
492,sst2,all-MiniLM-L6-v2,Triplet(minilm-6)(lambda=0.01),0.01,TripletLoss,50,0.548,0.63,0.466,"[{'polarity': 0.63, 'semantic': 0.466, 'combined': 0.548}]"
493,sst2,e5-small-v2,MultipleNegatives(e5-small),,MultipleNegativesRankingLoss,50,0.835,0.815,0.855,"[{'polarity': 0.815, 'semantic': 0.855, 'combined': 0.835}]"
494,sst2,e5-small-v2,OnlineContrastive(e5-small)(lambda=1),1.0,OnlineContrastiveLoss,50,0.835,0.815,0.855,"[{'combined': 0.835, 'polarity': 0.815, 'semantic': 0.855}]"
495,sst2,e5-small-v2,OnlineContrastive(e5-small)(lambda=0.75),0.75,OnlineContrastiveLoss,50,0.835,0.815,0.855,"[{'combined': 0.835, 'polarity': 0.815, 'semantic': 0.855}]"
496,sst2,e5-small-v2,OnlineContrastive(e5-small)(lambda=0.5),0.5,OnlineContrastiveLoss,50,0.835,0.815,0.855,"[{'combined': 0.835, 'polarity': 0.815, 'semantic': 0.855}]"
497,sst2,e5-small-v2,OnlineContrastive(e5-small)(lambda=0.25),0.25,OnlineContrastiveLoss,50,0.835,0.815,0.855,"[{'combined': 0.835, 'polarity': 0.815, 'semantic': 0.855}]"
498,sst2,e5-small-v2,OnlineContrastive(e5-small)(lambda=0.1),0.1,OnlineContrastiveLoss,50,0.835,0.815,0.855,"[{'combined': 0.835, 'polarity': 0.815, 'semantic': 0.855}]"
499,sst2,e5-small-v2,Contrastive(e5-small)(lambda=1),1.0,ContrastiveLoss,50,0.835,0.815,0.855,"[{'polarity': 0.815, 'semantic': 0.855, 'combined': 0.835}]"
500,sst2,e5-small-v2,Contrastive(e5-small)(lambda=0.75),0.75,ContrastiveLoss,50,0.835,0.815,0.855,"[{'semantic': 0.855, 'combined': 0.835, 'polarity': 0.815}]"
501,sst2,e5-small-v2,Contrastive(e5-small)(lambda=0.5),0.5,ContrastiveLoss,50,0.835,0.815,0.855,"[{'semantic': 0.855, 'combined': 0.835, 'polarity': 0.815}]"
502,sst2,e5-small-v2,Contrastive(e5-small)(lambda=0.25),0.25,ContrastiveLoss,50,0.835,0.815,0.855,"[{'combined': 0.835, 'polarity': 0.815, 'semantic': 0.855}]"
503,sst2,e5-small-v2,Contrastive(e5-small)(lambda=0.1),0.1,ContrastiveLoss,50,0.835,0.815,0.855,"[{'combined': 0.835, 'polarity': 0.815, 'semantic': 0.855}]"
504,sst2,e5-small-v2,Triplet(e5-small)(lambda=10),10.0,TripletLoss,50,0.835,0.815,0.855,"[{'combined': 0.835, 'polarity': 0.815, 'semantic': 0.855}]"
505,sst2,e5-small-v2,Triplet(e5-small)(lambda=7.5),7.5,TripletLoss,50,0.835,0.815,0.855,"[{'combined': 0.835, 'polarity': 0.815, 'semantic': 0.855}]"
506,sst2,e5-small-v2,Triplet(e5-small)(lambda=5),5.0,TripletLoss,50,0.835,0.815,0.855,"[{'polarity': 0.815, 'semantic': 0.855, 'combined': 0.835}]"
507,sst2,e5-small-v2,Triplet(e5-small)(lambda=1),1.0,TripletLoss,50,0.835,0.815,0.855,"[{'combined': 0.835, 'polarity': 0.815, 'semantic': 0.855}]"
508,sst2,e5-small-v2,Triplet(e5-small)(lambda=0.1),0.1,TripletLoss,50,0.835,0.815,0.855,"[{'combined': 0.835, 'polarity': 0.815, 'semantic': 0.855}]"
509,sst2,e5-small-v2,Triplet(e5-small)(lambda=0.01),0.01,TripletLoss,50,0.835,0.815,0.855,"[{'combined': 0.835, 'polarity': 0.815, 'semantic': 0.855}]"
510,sst2,gte-small,MultipleNegatives(gte-small),,MultipleNegativesRankingLoss,50,0.813,0.778,0.848,"[{'combined': 0.813, 'polarity': 0.778, 'semantic': 0.848}]"
511,sst2,gte-small,OnlineContrastive(gte-small)(lambda=1),1.0,OnlineContrastiveLoss,50,0.813,0.778,0.848,"[{'combined': 0.813, 'polarity': 0.778, 'semantic': 0.848}]"
512,sst2,gte-small,OnlineContrastive(gte-small)(lambda=0.75),0.75,OnlineContrastiveLoss,50,0.813,0.778,0.848,"[{'semantic': 0.848, 'combined': 0.813, 'polarity': 0.778}]"
513,sst2,gte-small,OnlineContrastive(gte-small)(lambda=0.5),0.5,OnlineContrastiveLoss,50,0.813,0.778,0.848,"[{'combined': 0.813, 'polarity': 0.778, 'semantic': 0.848}]"
514,sst2,gte-small,OnlineContrastive(gte-small)(lambda=0.25),0.25,OnlineContrastiveLoss,50,0.813,0.778,0.848,"[{'combined': 0.813, 'polarity': 0.778, 'semantic': 0.848}]"
515,sst2,gte-small,OnlineContrastive(gte-small)(lambda=0.1),0.1,OnlineContrastiveLoss,50,0.813,0.778,0.848,"[{'combined': 0.813, 'polarity': 0.778, 'semantic': 0.848}]"
516,sst2,gte-small,Contrastive(gte-small)(lambda=1),1.0,ContrastiveLoss,50,0.813,0.778,0.848,"[{'semantic': 0.848, 'combined': 0.813, 'polarity': 0.778}]"
517,sst2,gte-small,Contrastive(gte-small)(lambda=0.75),0.75,ContrastiveLoss,50,0.813,0.778,0.848,"[{'combined': 0.813, 'polarity': 0.778, 'semantic': 0.848}]"
518,sst2,gte-small,Contrastive(gte-small)(lambda=0.5),0.5,ContrastiveLoss,50,0.813,0.778,0.848,"[{'combined': 0.813, 'polarity': 0.778, 'semantic': 0.848}]"
519,sst2,gte-small,Contrastive(gte-small)(lambda=0.25),0.25,ContrastiveLoss,50,0.813,0.778,0.848,"[{'combined': 0.813, 'polarity': 0.778, 'semantic': 0.848}]"
520,sst2,gte-small,Contrastive(gte-small)(lambda=0.1),0.1,ContrastiveLoss,50,0.813,0.778,0.848,"[{'combined': 0.813, 'polarity': 0.778, 'semantic': 0.848}]"
521,sst2,gte-small,Triplet(gte-small)(lambda=10),10.0,TripletLoss,50,0.813,0.778,0.848,"[{'combined': 0.813, 'polarity': 0.778, 'semantic': 0.848}]"
522,sst2,gte-small,Triplet(gte-small)(lambda=7.5),7.5,TripletLoss,50,0.813,0.778,0.848,"[{'combined': 0.813, 'polarity': 0.778, 'semantic': 0.848}]"
523,sst2,gte-small,Triplet(gte-small)(lambda=5),5.0,TripletLoss,50,0.813,0.778,0.848,"[{'combined': 0.813, 'polarity': 0.778, 'semantic': 0.848}]"
524,sst2,gte-small,Triplet(gte-small)(lambda=1),1.0,TripletLoss,50,0.813,0.778,0.848,"[{'semantic': 0.848, 'combined': 0.813, 'polarity': 0.778}]"
525,sst2,gte-small,Triplet(gte-small)(lambda=0.1),0.1,TripletLoss,50,0.813,0.778,0.848,"[{'combined': 0.813, 'polarity': 0.778, 'semantic': 0.848}]"
526,sst2,gte-small,Triplet(gte-small)(lambda=0.01),0.01,TripletLoss,50,0.813,0.778,0.848,"[{'polarity': 0.778, 'semantic': 0.848, 'combined': 0.813}]"
527,sst2,gte-base,MultipleNegatives(gte-base),,MultipleNegativesRankingLoss,50,0.82,0.804,0.837,"[{'combined': 0.82, 'polarity': 0.804, 'semantic': 0.837}]"
528,sst2,gte-base,OnlineContrastive(gte-base)(lambda=1),1.0,OnlineContrastiveLoss,50,0.82,0.804,0.837,"[{'semantic': 0.837, 'combined': 0.82, 'polarity': 0.804}]"
529,sst2,gte-base,OnlineContrastive(gte-base)(lambda=0.75),0.75,OnlineContrastiveLoss,50,0.82,0.804,0.837,"[{'polarity': 0.804, 'semantic': 0.837, 'combined': 0.82}]"
530,sst2,gte-base,OnlineContrastive(gte-base)(lambda=0.5),0.5,OnlineContrastiveLoss,50,0.82,0.804,0.837,"[{'combined': 0.82, 'polarity': 0.804, 'semantic': 0.837}]"
531,sst2,gte-base,OnlineContrastive(gte-base)(lambda=0.25),0.25,OnlineContrastiveLoss,50,0.82,0.804,0.837,"[{'semantic': 0.837, 'combined': 0.82, 'polarity': 0.804}]"
532,sst2,gte-base,OnlineContrastive(gte-base)(lambda=0.1),0.1,OnlineContrastiveLoss,50,0.82,0.804,0.837,"[{'combined': 0.82, 'polarity': 0.804, 'semantic': 0.837}]"
533,sst2,gte-base,Contrastive(gte-base)(lambda=1),1.0,ContrastiveLoss,50,0.82,0.804,0.837,"[{'combined': 0.82, 'polarity': 0.804, 'semantic': 0.837}]"
534,sst2,gte-base,Contrastive(gte-base)(lambda=0.75),0.75,ContrastiveLoss,50,0.82,0.804,0.837,"[{'polarity': 0.804, 'semantic': 0.837, 'combined': 0.82}]"
535,sst2,gte-base,Contrastive(gte-base)(lambda=0.5),0.5,ContrastiveLoss,50,0.82,0.804,0.837,"[{'combined': 0.82, 'polarity': 0.804, 'semantic': 0.837}]"
536,sst2,gte-base,Contrastive(gte-base)(lambda=0.25),0.25,ContrastiveLoss,50,0.82,0.804,0.837,"[{'combined': 0.82, 'polarity': 0.804, 'semantic': 0.837}]"
537,sst2,gte-base,Contrastive(gte-base)(lambda=0.1),0.1,ContrastiveLoss,50,0.82,0.804,0.837,"[{'combined': 0.82, 'polarity': 0.804, 'semantic': 0.837}]"
538,sst2,gte-base,Triplet(gte-base)(lambda=10),10.0,TripletLoss,50,0.82,0.804,0.837,"[{'combined': 0.82, 'polarity': 0.804, 'semantic': 0.837}]"
539,sst2,gte-base,Triplet(gte-base)(lambda=7.5),7.5,TripletLoss,50,0.82,0.804,0.837,"[{'combined': 0.82, 'polarity': 0.804, 'semantic': 0.837}]"
540,sst2,gte-base,Triplet(gte-base)(lambda=5),5.0,TripletLoss,50,0.82,0.804,0.837,"[{'combined': 0.82, 'polarity': 0.804, 'semantic': 0.837}]"
541,sst2,gte-base,Triplet(gte-base)(lambda=1),1.0,TripletLoss,50,0.82,0.804,0.837,"[{'semantic': 0.837, 'combined': 0.82, 'polarity': 0.804}]"
542,sst2,gte-base,Triplet(gte-base)(lambda=0.1),0.1,TripletLoss,50,0.82,0.804,0.837,"[{'combined': 0.82, 'polarity': 0.804, 'semantic': 0.837}]"
543,sst2,gte-base,Triplet(gte-base)(lambda=0.01),0.01,TripletLoss,50,0.82,0.804,0.837,"[{'combined': 0.82, 'polarity': 0.804, 'semantic': 0.837}]"
