model,dataset,loss,epoch,polarity_mean,semantic_mean
minilm-6,sarcastic-headlines,MultipleNegativesRankingLoss,1,66.541,41.155
minilm-6,sarcastic-headlines,MultipleNegativesRankingLoss,2,67.275,40.589
minilm-6,sarcastic-headlines,MultipleNegativesRankingLoss,3,67.968,40.264
minilm-6,sarcastic-headlines,MultipleNegativesRankingLoss,4,68.594,40.044
minilm-6,sarcastic-headlines,MultipleNegativesRankingLoss,5,68.978,39.852
minilm-6,sarcastic-headlines,OnlineContrastiveLoss,1,67.35,38.875
minilm-6,sarcastic-headlines,OnlineContrastiveLoss,2,71.377,36.821
minilm-6,sarcastic-headlines,OnlineContrastiveLoss,3,75.014,33.981
minilm-6,sarcastic-headlines,OnlineContrastiveLoss,4,77.984,31.095
minilm-6,sarcastic-headlines,OnlineContrastiveLoss,5,80.478,29.186
minilm-6,sarcastic-headlines,OnlineContrastiveLoss,1,67.065,37.817
minilm-6,sarcastic-headlines,OnlineContrastiveLoss,2,70.677,35.971
minilm-6,sarcastic-headlines,OnlineContrastiveLoss,3,74.377,33.095
minilm-6,sarcastic-headlines,OnlineContrastiveLoss,4,77.548,30.261
minilm-6,sarcastic-headlines,OnlineContrastiveLoss,5,79.969,28.516
minilm-6,sarcastic-headlines,OnlineContrastiveLoss,1,66.731,36.331
minilm-6,sarcastic-headlines,OnlineContrastiveLoss,2,70.225,34.813
minilm-6,sarcastic-headlines,OnlineContrastiveLoss,3,73.319,32.358
minilm-6,sarcastic-headlines,OnlineContrastiveLoss,4,76.685,29.707
minilm-6,sarcastic-headlines,OnlineContrastiveLoss,5,79.039,28.285
minilm-6,sarcastic-headlines,OnlineContrastiveLoss,1,66.604,34.083
minilm-6,sarcastic-headlines,OnlineContrastiveLoss,2,70.241,32.656
minilm-6,sarcastic-headlines,OnlineContrastiveLoss,3,73.683,30.011
minilm-6,sarcastic-headlines,OnlineContrastiveLoss,4,76.498,28.178
minilm-6,sarcastic-headlines,OnlineContrastiveLoss,5,78.867,27.092
minilm-6,sarcastic-headlines,OnlineContrastiveLoss,1,66.112,29.567
minilm-6,sarcastic-headlines,OnlineContrastiveLoss,2,69.378,29.017
minilm-6,sarcastic-headlines,OnlineContrastiveLoss,3,73.317,27.351
minilm-6,sarcastic-headlines,OnlineContrastiveLoss,4,76.482,26.118
minilm-6,sarcastic-headlines,OnlineContrastiveLoss,5,78.926,25.452
minilm-6,sarcastic-headlines,ContrastiveLoss,1,65.854,39.406
minilm-6,sarcastic-headlines,ContrastiveLoss,2,69.834,37.826
minilm-6,sarcastic-headlines,ContrastiveLoss,3,74.09,34.309
minilm-6,sarcastic-headlines,ContrastiveLoss,4,77.896,29.824
minilm-6,sarcastic-headlines,ContrastiveLoss,5,80.263,27.84
minilm-6,sarcastic-headlines,ContrastiveLoss,1,64.935,38.24
minilm-6,sarcastic-headlines,ContrastiveLoss,2,68.673,37.114
minilm-6,sarcastic-headlines,ContrastiveLoss,3,72.389,34.542
minilm-6,sarcastic-headlines,ContrastiveLoss,4,76.046,30.196
minilm-6,sarcastic-headlines,ContrastiveLoss,5,79.025,27.13
minilm-6,sarcastic-headlines,ContrastiveLoss,1,64.23,36.528
minilm-6,sarcastic-headlines,ContrastiveLoss,2,67.596,36.045
minilm-6,sarcastic-headlines,ContrastiveLoss,3,71.37,33.983
minilm-6,sarcastic-headlines,ContrastiveLoss,4,74.871,30.255
minilm-6,sarcastic-headlines,ContrastiveLoss,5,77.844,27.12
minilm-6,sarcastic-headlines,ContrastiveLoss,1,64.203,34.008
minilm-6,sarcastic-headlines,ContrastiveLoss,2,66.722,34.068
minilm-6,sarcastic-headlines,ContrastiveLoss,3,70.496,32.342
minilm-6,sarcastic-headlines,ContrastiveLoss,4,73.986,29.0
minilm-6,sarcastic-headlines,ContrastiveLoss,5,76.852,26.58
minilm-6,sarcastic-headlines,ContrastiveLoss,1,64.171,32.588
minilm-6,sarcastic-headlines,ContrastiveLoss,2,65.773,29.411
minilm-6,sarcastic-headlines,ContrastiveLoss,3,68.666,29.467
minilm-6,sarcastic-headlines,ContrastiveLoss,4,72.755,27.754
minilm-6,sarcastic-headlines,ContrastiveLoss,5,75.94,25.617
minilm-6,sarcastic-headlines,TripletLoss,1,71.422,40.027
minilm-6,sarcastic-headlines,TripletLoss,2,77.186,26.948
minilm-6,sarcastic-headlines,TripletLoss,3,78.539,22.125
minilm-6,sarcastic-headlines,TripletLoss,4,80.112,20.98
minilm-6,sarcastic-headlines,TripletLoss,5,81.641,20.521
minilm-6,sarcastic-headlines,TripletLoss,1,71.271,40.104
minilm-6,sarcastic-headlines,TripletLoss,2,77.053,26.717
minilm-6,sarcastic-headlines,TripletLoss,3,78.558,22.02
minilm-6,sarcastic-headlines,TripletLoss,4,80.141,20.807
minilm-6,sarcastic-headlines,TripletLoss,5,81.406,20.426
minilm-6,sarcastic-headlines,TripletLoss,1,71.589,39.894
minilm-6,sarcastic-headlines,TripletLoss,2,77.177,26.815
minilm-6,sarcastic-headlines,TripletLoss,3,78.372,22.046
minilm-6,sarcastic-headlines,TripletLoss,4,80.195,20.917
minilm-6,sarcastic-headlines,TripletLoss,5,81.546,20.578
minilm-6,sarcastic-headlines,TripletLoss,1,71.569,39.899
minilm-6,sarcastic-headlines,TripletLoss,2,77.295,28.001
minilm-6,sarcastic-headlines,TripletLoss,3,80.1,26.039
minilm-6,sarcastic-headlines,TripletLoss,4,82.409,24.351
minilm-6,sarcastic-headlines,TripletLoss,5,84.071,23.713
minilm-6,sarcastic-headlines,TripletLoss,1,70.173,39.542
minilm-6,sarcastic-headlines,TripletLoss,2,75.669,35.315
minilm-6,sarcastic-headlines,TripletLoss,3,78.923,32.906
minilm-6,sarcastic-headlines,TripletLoss,4,81.598,31.51
minilm-6,sarcastic-headlines,TripletLoss,5,83.516,30.512
minilm-6,sarcastic-headlines,TripletLoss,1,68.422,38.922
minilm-6,sarcastic-headlines,TripletLoss,2,71.058,34.859
minilm-6,sarcastic-headlines,TripletLoss,3,73.448,30.92
minilm-6,sarcastic-headlines,TripletLoss,4,75.892,27.786
minilm-6,sarcastic-headlines,TripletLoss,5,78.492,25.82
e5-small,sarcastic-headlines,MultipleNegativesRankingLoss,1,71.115,82.585
e5-small,sarcastic-headlines,MultipleNegativesRankingLoss,2,71.594,82.576
e5-small,sarcastic-headlines,MultipleNegativesRankingLoss,3,72.366,82.572
e5-small,sarcastic-headlines,MultipleNegativesRankingLoss,4,72.915,82.552
e5-small,sarcastic-headlines,MultipleNegativesRankingLoss,5,73.57,82.538
e5-small,sarcastic-headlines,OnlineContrastiveLoss,1,79.134,82.749
e5-small,sarcastic-headlines,OnlineContrastiveLoss,2,85.343,81.321
e5-small,sarcastic-headlines,OnlineContrastiveLoss,3,87.852,80.761
e5-small,sarcastic-headlines,OnlineContrastiveLoss,4,89.056,80.563
e5-small,sarcastic-headlines,OnlineContrastiveLoss,5,89.637,80.578
e5-small,sarcastic-headlines,OnlineContrastiveLoss,1,78.451,82.941
e5-small,sarcastic-headlines,OnlineContrastiveLoss,2,84.862,81.574
e5-small,sarcastic-headlines,OnlineContrastiveLoss,3,87.719,80.878
e5-small,sarcastic-headlines,OnlineContrastiveLoss,4,88.921,80.698
e5-small,sarcastic-headlines,OnlineContrastiveLoss,5,89.531,80.64
e5-small,sarcastic-headlines,OnlineContrastiveLoss,1,78.119,83.043
e5-small,sarcastic-headlines,OnlineContrastiveLoss,2,84.722,81.635
e5-small,sarcastic-headlines,OnlineContrastiveLoss,3,87.543,80.919
e5-small,sarcastic-headlines,OnlineContrastiveLoss,4,88.749,80.668
e5-small,sarcastic-headlines,OnlineContrastiveLoss,5,89.673,80.629
e5-small,sarcastic-headlines,OnlineContrastiveLoss,1,79.249,82.638
e5-small,sarcastic-headlines,OnlineContrastiveLoss,2,85.122,81.202
e5-small,sarcastic-headlines,OnlineContrastiveLoss,3,87.529,80.691
e5-small,sarcastic-headlines,OnlineContrastiveLoss,4,88.982,80.569
e5-small,sarcastic-headlines,OnlineContrastiveLoss,5,90.037,80.489
e5-small,sarcastic-headlines,OnlineContrastiveLoss,1,77.288,81.542
e5-small,sarcastic-headlines,OnlineContrastiveLoss,2,84.561,80.399
e5-small,sarcastic-headlines,OnlineContrastiveLoss,3,87.5,80.266
e5-small,sarcastic-headlines,OnlineContrastiveLoss,4,88.79,80.228
e5-small,sarcastic-headlines,OnlineContrastiveLoss,5,89.605,80.104
e5-small,sarcastic-headlines,ContrastiveLoss,1,82.07,81.649
e5-small,sarcastic-headlines,ContrastiveLoss,2,86.868,80.236
e5-small,sarcastic-headlines,ContrastiveLoss,3,88.322,79.946
e5-small,sarcastic-headlines,ContrastiveLoss,4,89.149,79.903
e5-small,sarcastic-headlines,ContrastiveLoss,5,89.806,79.85
e5-small,sarcastic-headlines,ContrastiveLoss,1,80.81,82.292
e5-small,sarcastic-headlines,ContrastiveLoss,2,86.768,80.246
e5-small,sarcastic-headlines,ContrastiveLoss,3,88.329,79.957
e5-small,sarcastic-headlines,ContrastiveLoss,4,89.28,79.815
e5-small,sarcastic-headlines,ContrastiveLoss,5,89.924,79.794
e5-small,sarcastic-headlines,ContrastiveLoss,1,79.725,82.614
e5-small,sarcastic-headlines,ContrastiveLoss,2,86.427,80.194
e5-small,sarcastic-headlines,ContrastiveLoss,3,88.259,79.844
e5-small,sarcastic-headlines,ContrastiveLoss,4,89.02,79.725
e5-small,sarcastic-headlines,ContrastiveLoss,5,89.772,79.713
e5-small,sarcastic-headlines,ContrastiveLoss,1,75.736,82.833
e5-small,sarcastic-headlines,ContrastiveLoss,2,84.525,80.333
e5-small,sarcastic-headlines,ContrastiveLoss,3,87.191,79.866
e5-small,sarcastic-headlines,ContrastiveLoss,4,88.586,79.733
e5-small,sarcastic-headlines,ContrastiveLoss,5,89.345,79.648
e5-small,sarcastic-headlines,ContrastiveLoss,1,71.488,81.65
e5-small,sarcastic-headlines,ContrastiveLoss,2,81.042,80.365
e5-small,sarcastic-headlines,ContrastiveLoss,3,85.354,79.649
e5-small,sarcastic-headlines,ContrastiveLoss,4,87.692,79.533
e5-small,sarcastic-headlines,ContrastiveLoss,5,88.801,79.425
e5-small,sarcastic-headlines,TripletLoss,1,84.963,78.706
e5-small,sarcastic-headlines,TripletLoss,2,86.506,78.265
e5-small,sarcastic-headlines,TripletLoss,3,87.261,78.214
e5-small,sarcastic-headlines,TripletLoss,4,87.916,78.237
e5-small,sarcastic-headlines,TripletLoss,5,88.074,78.307
e5-small,sarcastic-headlines,TripletLoss,1,84.907,78.787
e5-small,sarcastic-headlines,TripletLoss,2,86.676,78.357
e5-small,sarcastic-headlines,TripletLoss,3,87.313,78.311
e5-small,sarcastic-headlines,TripletLoss,4,87.649,78.323
e5-small,sarcastic-headlines,TripletLoss,5,88.157,78.367
e5-small,sarcastic-headlines,TripletLoss,1,84.792,78.787
e5-small,sarcastic-headlines,TripletLoss,2,86.418,78.311
e5-small,sarcastic-headlines,TripletLoss,3,87.281,78.255
e5-small,sarcastic-headlines,TripletLoss,4,88.058,78.232
e5-small,sarcastic-headlines,TripletLoss,5,88.2,78.272
e5-small,sarcastic-headlines,TripletLoss,1,85.813,79.493
e5-small,sarcastic-headlines,TripletLoss,2,87.983,79.275
e5-small,sarcastic-headlines,TripletLoss,3,88.729,79.259
e5-small,sarcastic-headlines,TripletLoss,4,89.49,79.169
e5-small,sarcastic-headlines,TripletLoss,5,90.084,79.209
e5-small,sarcastic-headlines,TripletLoss,1,85.908,81.79
e5-small,sarcastic-headlines,TripletLoss,2,88.487,81.626
e5-small,sarcastic-headlines,TripletLoss,3,89.348,81.507
e5-small,sarcastic-headlines,TripletLoss,4,90.109,81.399
e5-small,sarcastic-headlines,TripletLoss,5,90.637,81.343
e5-small,sarcastic-headlines,TripletLoss,1,77.496,82.912
e5-small,sarcastic-headlines,TripletLoss,2,84.654,81.938
e5-small,sarcastic-headlines,TripletLoss,3,87.73,81.582
e5-small,sarcastic-headlines,TripletLoss,4,89.366,81.377
e5-small,sarcastic-headlines,TripletLoss,5,90.244,81.206
gte-small,sarcastic-headlines,MultipleNegativesRankingLoss,1,70.277,81.428
gte-small,sarcastic-headlines,MultipleNegativesRankingLoss,2,70.853,81.492
gte-small,sarcastic-headlines,MultipleNegativesRankingLoss,3,71.235,81.556
gte-small,sarcastic-headlines,MultipleNegativesRankingLoss,4,71.675,81.609
gte-small,sarcastic-headlines,MultipleNegativesRankingLoss,5,71.998,81.636
gte-small,sarcastic-headlines,OnlineContrastiveLoss,1,74.322,81.453
gte-small,sarcastic-headlines,OnlineContrastiveLoss,2,81.013,80.433
gte-small,sarcastic-headlines,OnlineContrastiveLoss,3,84.01,79.564
gte-small,sarcastic-headlines,OnlineContrastiveLoss,4,86.192,79.126
gte-small,sarcastic-headlines,OnlineContrastiveLoss,5,87.541,78.927
gte-small,sarcastic-headlines,OnlineContrastiveLoss,1,73.218,81.978
gte-small,sarcastic-headlines,OnlineContrastiveLoss,2,79.712,80.955
gte-small,sarcastic-headlines,OnlineContrastiveLoss,3,83.439,80.127
gte-small,sarcastic-headlines,OnlineContrastiveLoss,4,85.731,79.611
gte-small,sarcastic-headlines,OnlineContrastiveLoss,5,87.197,79.426
gte-small,sarcastic-headlines,OnlineContrastiveLoss,1,71.138,82.299
gte-small,sarcastic-headlines,OnlineContrastiveLoss,2,76.94,81.649
gte-small,sarcastic-headlines,OnlineContrastiveLoss,3,81.334,80.809
gte-small,sarcastic-headlines,OnlineContrastiveLoss,4,84.069,80.197
gte-small,sarcastic-headlines,OnlineContrastiveLoss,5,85.996,79.876
gte-small,sarcastic-headlines,OnlineContrastiveLoss,1,69.724,81.823
gte-small,sarcastic-headlines,OnlineContrastiveLoss,2,74.846,81.469
gte-small,sarcastic-headlines,OnlineContrastiveLoss,3,79.104,80.623
gte-small,sarcastic-headlines,OnlineContrastiveLoss,4,82.185,80.032
gte-small,sarcastic-headlines,OnlineContrastiveLoss,5,84.417,79.68
gte-small,sarcastic-headlines,OnlineContrastiveLoss,1,66.184,80.972
gte-small,sarcastic-headlines,OnlineContrastiveLoss,2,70.83,80.974
gte-small,sarcastic-headlines,OnlineContrastiveLoss,3,76.019,80.377
gte-small,sarcastic-headlines,OnlineContrastiveLoss,4,79.782,79.55
gte-small,sarcastic-headlines,OnlineContrastiveLoss,5,82.601,79.154
gte-small,sarcastic-headlines,ContrastiveLoss,1,76.31,80.774
gte-small,sarcastic-headlines,ContrastiveLoss,2,82.587,78.978
gte-small,sarcastic-headlines,ContrastiveLoss,3,84.95,78.376
gte-small,sarcastic-headlines,ContrastiveLoss,4,86.827,78.152
gte-small,sarcastic-headlines,ContrastiveLoss,5,87.828,78.12
gte-small,sarcastic-headlines,ContrastiveLoss,1,74.176,81.88
gte-small,sarcastic-headlines,ContrastiveLoss,2,82.013,79.85
gte-small,sarcastic-headlines,ContrastiveLoss,3,84.579,79.049
gte-small,sarcastic-headlines,ContrastiveLoss,4,86.522,78.679
gte-small,sarcastic-headlines,ContrastiveLoss,5,87.71,78.656
gte-small,sarcastic-headlines,ContrastiveLoss,1,70.966,82.323
gte-small,sarcastic-headlines,ContrastiveLoss,2,77.866,81.245
gte-small,sarcastic-headlines,ContrastiveLoss,3,82.718,79.983
gte-small,sarcastic-headlines,ContrastiveLoss,4,85.133,79.427
gte-small,sarcastic-headlines,ContrastiveLoss,5,86.786,79.135
gte-small,sarcastic-headlines,ContrastiveLoss,1,67.368,81.845
gte-small,sarcastic-headlines,ContrastiveLoss,2,72.617,81.665
gte-small,sarcastic-headlines,ContrastiveLoss,3,78.253,80.362
gte-small,sarcastic-headlines,ContrastiveLoss,4,81.749,79.503
gte-small,sarcastic-headlines,ContrastiveLoss,5,84.286,79.008
gte-small,sarcastic-headlines,ContrastiveLoss,1,64.969,80.986
gte-small,sarcastic-headlines,ContrastiveLoss,2,68.942,81.054
gte-small,sarcastic-headlines,ContrastiveLoss,3,73.95,80.705
gte-small,sarcastic-headlines,ContrastiveLoss,4,78.82,79.352
gte-small,sarcastic-headlines,ContrastiveLoss,5,81.855,78.676
gte-small,sarcastic-headlines,TripletLoss,1,76.696,80.324
gte-small,sarcastic-headlines,TripletLoss,2,80.121,76.555
gte-small,sarcastic-headlines,TripletLoss,3,82.246,75.865
gte-small,sarcastic-headlines,TripletLoss,4,83.94,75.698
gte-small,sarcastic-headlines,TripletLoss,5,84.846,75.704
gte-small,sarcastic-headlines,TripletLoss,1,76.787,80.241
gte-small,sarcastic-headlines,TripletLoss,2,80.005,76.535
gte-small,sarcastic-headlines,TripletLoss,3,81.905,75.883
gte-small,sarcastic-headlines,TripletLoss,4,83.491,75.731
gte-small,sarcastic-headlines,TripletLoss,5,84.837,75.717
gte-small,sarcastic-headlines,TripletLoss,1,76.732,80.331
gte-small,sarcastic-headlines,TripletLoss,2,80.057,76.556
gte-small,sarcastic-headlines,TripletLoss,3,81.821,75.929
gte-small,sarcastic-headlines,TripletLoss,4,83.773,75.732
gte-small,sarcastic-headlines,TripletLoss,5,84.862,75.764
gte-small,sarcastic-headlines,TripletLoss,1,76.59,80.313
gte-small,sarcastic-headlines,TripletLoss,2,81.343,77.849
gte-small,sarcastic-headlines,TripletLoss,3,84.453,77.313
gte-small,sarcastic-headlines,TripletLoss,4,86.344,77.211
gte-small,sarcastic-headlines,TripletLoss,5,87.378,77.194
gte-small,sarcastic-headlines,TripletLoss,1,76.412,81.422
gte-small,sarcastic-headlines,TripletLoss,2,82.951,80.67
gte-small,sarcastic-headlines,TripletLoss,3,85.621,80.224
gte-small,sarcastic-headlines,TripletLoss,4,87.385,80.036
gte-small,sarcastic-headlines,TripletLoss,5,88.431,79.943
gte-small,sarcastic-headlines,TripletLoss,1,70.905,82.12
gte-small,sarcastic-headlines,TripletLoss,2,75.339,81.501
gte-small,sarcastic-headlines,TripletLoss,3,79.106,80.875
gte-small,sarcastic-headlines,TripletLoss,4,81.928,80.272
gte-small,sarcastic-headlines,TripletLoss,5,84.033,79.938
gte-base,sarcastic-headlines,MultipleNegativesRankingLoss,1,70.83,80.343
gte-base,sarcastic-headlines,MultipleNegativesRankingLoss,2,71.183,80.419
gte-base,sarcastic-headlines,MultipleNegativesRankingLoss,3,71.942,80.453
gte-base,sarcastic-headlines,MultipleNegativesRankingLoss,4,72.583,80.439
gte-base,sarcastic-headlines,MultipleNegativesRankingLoss,5,73.066,80.432
gte-base,sarcastic-headlines,OnlineContrastiveLoss,1,74.352,80.328
gte-base,sarcastic-headlines,OnlineContrastiveLoss,2,80.478,79.171
gte-base,sarcastic-headlines,OnlineContrastiveLoss,3,84.338,78.013
gte-base,sarcastic-headlines,OnlineContrastiveLoss,4,86.872,77.447
gte-base,sarcastic-headlines,OnlineContrastiveLoss,5,88.333,77.385
gte-base,sarcastic-headlines,OnlineContrastiveLoss,1,73.419,80.907
gte-base,sarcastic-headlines,OnlineContrastiveLoss,2,80.017,79.684
gte-base,sarcastic-headlines,OnlineContrastiveLoss,3,84.146,78.456
gte-base,sarcastic-headlines,OnlineContrastiveLoss,4,87.105,77.558
gte-base,sarcastic-headlines,OnlineContrastiveLoss,5,88.598,77.459
gte-base,sarcastic-headlines,OnlineContrastiveLoss,1,71.98,81.15
gte-base,sarcastic-headlines,OnlineContrastiveLoss,2,78.6,80.355
gte-base,sarcastic-headlines,OnlineContrastiveLoss,3,83.238,79.036
gte-base,sarcastic-headlines,OnlineContrastiveLoss,4,86.637,78.055
gte-base,sarcastic-headlines,OnlineContrastiveLoss,5,88.178,77.825
gte-base,sarcastic-headlines,OnlineContrastiveLoss,1,70.801,80.406
gte-base,sarcastic-headlines,OnlineContrastiveLoss,2,78.083,79.502
gte-base,sarcastic-headlines,OnlineContrastiveLoss,3,83.267,77.973
gte-base,sarcastic-headlines,OnlineContrastiveLoss,4,86.707,77.361
gte-base,sarcastic-headlines,OnlineContrastiveLoss,5,88.221,77.11
gte-base,sarcastic-headlines,OnlineContrastiveLoss,1,67.67,79.301
gte-base,sarcastic-headlines,OnlineContrastiveLoss,2,75.933,78.137
gte-base,sarcastic-headlines,OnlineContrastiveLoss,3,83.01,76.338
gte-base,sarcastic-headlines,OnlineContrastiveLoss,4,85.883,75.91
gte-base,sarcastic-headlines,OnlineContrastiveLoss,5,87.367,75.637
gte-base,sarcastic-headlines,ContrastiveLoss,1,76.683,79.662
gte-base,sarcastic-headlines,ContrastiveLoss,2,82.876,77.616
gte-base,sarcastic-headlines,ContrastiveLoss,3,85.978,76.934
gte-base,sarcastic-headlines,ContrastiveLoss,4,87.812,76.524
gte-base,sarcastic-headlines,ContrastiveLoss,5,88.654,76.498
gte-base,sarcastic-headlines,ContrastiveLoss,1,74.447,80.833
gte-base,sarcastic-headlines,ContrastiveLoss,2,82.032,78.147
gte-base,sarcastic-headlines,ContrastiveLoss,3,86.145,76.891
gte-base,sarcastic-headlines,ContrastiveLoss,4,88.171,76.566
gte-base,sarcastic-headlines,ContrastiveLoss,5,88.878,76.452
gte-base,sarcastic-headlines,ContrastiveLoss,1,71.802,81.172
gte-base,sarcastic-headlines,ContrastiveLoss,2,79.558,79.489
gte-base,sarcastic-headlines,ContrastiveLoss,3,85.205,77.754
gte-base,sarcastic-headlines,ContrastiveLoss,4,87.69,77.03
gte-base,sarcastic-headlines,ContrastiveLoss,5,88.801,76.875
gte-base,sarcastic-headlines,ContrastiveLoss,1,68.084,80.497
gte-base,sarcastic-headlines,ContrastiveLoss,2,75.436,79.865
gte-base,sarcastic-headlines,ContrastiveLoss,3,83.443,77.183
gte-base,sarcastic-headlines,ContrastiveLoss,4,86.664,76.437
gte-base,sarcastic-headlines,ContrastiveLoss,5,88.184,76.203
gte-base,sarcastic-headlines,ContrastiveLoss,1,65.606,79.319
gte-base,sarcastic-headlines,ContrastiveLoss,2,72.344,78.75
gte-base,sarcastic-headlines,ContrastiveLoss,3,82.009,75.848
gte-base,sarcastic-headlines,ContrastiveLoss,4,85.307,75.266
gte-base,sarcastic-headlines,ContrastiveLoss,5,86.886,74.991
gte-base,sarcastic-headlines,TripletLoss,1,78.076,78.259
gte-base,sarcastic-headlines,TripletLoss,2,80.911,75.863
gte-base,sarcastic-headlines,TripletLoss,3,84.595,75.102
gte-base,sarcastic-headlines,TripletLoss,4,85.96,74.742
gte-base,sarcastic-headlines,TripletLoss,5,86.834,74.675
gte-base,sarcastic-headlines,TripletLoss,1,77.765,78.946
gte-base,sarcastic-headlines,TripletLoss,2,81.02,76.021
gte-base,sarcastic-headlines,TripletLoss,3,84.652,75.067
gte-base,sarcastic-headlines,TripletLoss,4,86.036,74.813
gte-base,sarcastic-headlines,TripletLoss,5,86.644,74.708
gte-base,sarcastic-headlines,TripletLoss,1,78.079,78.417
gte-base,sarcastic-headlines,TripletLoss,2,81.092,75.839
gte-base,sarcastic-headlines,TripletLoss,3,84.503,75.068
gte-base,sarcastic-headlines,TripletLoss,4,85.673,74.801
gte-base,sarcastic-headlines,TripletLoss,5,86.513,74.603
gte-base,sarcastic-headlines,TripletLoss,1,78.106,77.969
gte-base,sarcastic-headlines,TripletLoss,2,82.565,76.686
gte-base,sarcastic-headlines,TripletLoss,3,85.792,76.506
gte-base,sarcastic-headlines,TripletLoss,4,87.229,76.507
gte-base,sarcastic-headlines,TripletLoss,5,88.394,76.334
gte-base,sarcastic-headlines,TripletLoss,1,77.214,80.176
gte-base,sarcastic-headlines,TripletLoss,2,84.204,79.093
gte-base,sarcastic-headlines,TripletLoss,3,87.416,78.467
gte-base,sarcastic-headlines,TripletLoss,4,88.79,78.206
gte-base,sarcastic-headlines,TripletLoss,5,89.653,78.089
gte-base,sarcastic-headlines,TripletLoss,1,71.865,80.888
gte-base,sarcastic-headlines,TripletLoss,2,75.899,79.982
gte-base,sarcastic-headlines,TripletLoss,3,79.084,78.974
gte-base,sarcastic-headlines,TripletLoss,4,80.841,78.229
gte-base,sarcastic-headlines,TripletLoss,5,82.522,78.05
minilm-6,sst2,MultipleNegativesRankingLoss,1,67.725,44.534
minilm-6,sst2,MultipleNegativesRankingLoss,2,68.901,44.027
minilm-6,sst2,MultipleNegativesRankingLoss,3,69.159,43.764
minilm-6,sst2,MultipleNegativesRankingLoss,4,69.409,43.522
minilm-6,sst2,MultipleNegativesRankingLoss,5,69.417,43.502
minilm-6,sst2,OnlineContrastiveLoss,1,69.159,42.902
minilm-6,sst2,OnlineContrastiveLoss,2,73.301,40.179
minilm-6,sst2,OnlineContrastiveLoss,3,75.28,37.743
minilm-6,sst2,OnlineContrastiveLoss,4,77.086,36.169
minilm-6,sst2,OnlineContrastiveLoss,5,78.44,34.983
minilm-6,sst2,OnlineContrastiveLoss,1,68.442,42.162
minilm-6,sst2,OnlineContrastiveLoss,2,72.069,39.405
minilm-6,sst2,OnlineContrastiveLoss,3,74.176,37.231
minilm-6,sst2,OnlineContrastiveLoss,4,76.039,35.757
minilm-6,sst2,OnlineContrastiveLoss,5,77.458,34.538
minilm-6,sst2,OnlineContrastiveLoss,1,67.675,41.024
minilm-6,sst2,OnlineContrastiveLoss,2,70.621,38.608
minilm-6,sst2,OnlineContrastiveLoss,3,72.62,36.48
minilm-6,sst2,OnlineContrastiveLoss,4,74.577,34.856
minilm-6,sst2,OnlineContrastiveLoss,5,76.462,33.898
minilm-6,sst2,OnlineContrastiveLoss,1,65.102,38.689
minilm-6,sst2,OnlineContrastiveLoss,2,68.277,36.993
minilm-6,sst2,OnlineContrastiveLoss,3,70.37,35.411
minilm-6,sst2,OnlineContrastiveLoss,4,72.534,33.965
minilm-6,sst2,OnlineContrastiveLoss,5,74.556,32.998
minilm-6,sst2,OnlineContrastiveLoss,1,61.067,34.836
minilm-6,sst2,OnlineContrastiveLoss,2,63.396,35.637
minilm-6,sst2,OnlineContrastiveLoss,3,66.578,34.972
minilm-6,sst2,OnlineContrastiveLoss,4,68.793,33.988
minilm-6,sst2,OnlineContrastiveLoss,5,70.8,33.243
minilm-6,sst2,ContrastiveLoss,1,66.6,43.745
minilm-6,sst2,ContrastiveLoss,2,71.595,41.476
minilm-6,sst2,ContrastiveLoss,3,74.319,38.43
minilm-6,sst2,ContrastiveLoss,4,76.441,35.968
minilm-6,sst2,ContrastiveLoss,5,78.369,33.92
minilm-6,sst2,ContrastiveLoss,1,65.704,43.077
minilm-6,sst2,ContrastiveLoss,2,69.961,41.343
minilm-6,sst2,ContrastiveLoss,3,73.158,38.688
minilm-6,sst2,ContrastiveLoss,4,75.323,36.391
minilm-6,sst2,ContrastiveLoss,5,77.265,34.095
minilm-6,sst2,ContrastiveLoss,1,64.758,42.103
minilm-6,sst2,ContrastiveLoss,2,68.298,40.711
minilm-6,sst2,ContrastiveLoss,3,70.929,38.715
minilm-6,sst2,ContrastiveLoss,4,73.036,36.433
minilm-6,sst2,ContrastiveLoss,5,75.065,34.163
minilm-6,sst2,ContrastiveLoss,1,63.303,40.93
minilm-6,sst2,ContrastiveLoss,2,64.471,38.935
minilm-6,sst2,ContrastiveLoss,3,67.747,37.997
minilm-6,sst2,ContrastiveLoss,4,70.054,36.074
minilm-6,sst2,ContrastiveLoss,5,72.405,34.539
minilm-6,sst2,ContrastiveLoss,1,62.715,40.337
minilm-6,sst2,ContrastiveLoss,2,61.375,35.581
minilm-6,sst2,ContrastiveLoss,3,63.224,35.76
minilm-6,sst2,ContrastiveLoss,4,65.969,35.708
minilm-6,sst2,ContrastiveLoss,5,68.005,34.845
minilm-6,sst2,TripletLoss,1,72.556,39.915
minilm-6,sst2,TripletLoss,2,75.194,33.316
minilm-6,sst2,TripletLoss,3,79.817,31.172
minilm-6,sst2,TripletLoss,4,80.863,30.195
minilm-6,sst2,TripletLoss,5,81.171,29.56
minilm-6,sst2,TripletLoss,1,72.527,39.754
minilm-6,sst2,TripletLoss,2,75.129,33.321
minilm-6,sst2,TripletLoss,3,79.558,31.074
minilm-6,sst2,TripletLoss,4,81.035,30.18
minilm-6,sst2,TripletLoss,5,81.501,29.536
minilm-6,sst2,TripletLoss,1,72.599,39.969
minilm-6,sst2,TripletLoss,2,75.416,33.45
minilm-6,sst2,TripletLoss,3,79.809,31.209
minilm-6,sst2,TripletLoss,4,80.655,30.106
minilm-6,sst2,TripletLoss,5,81.315,29.563
minilm-6,sst2,TripletLoss,1,72.642,39.886
minilm-6,sst2,TripletLoss,2,75.487,33.444
minilm-6,sst2,TripletLoss,3,80.067,31.369
minilm-6,sst2,TripletLoss,4,81.78,30.757
minilm-6,sst2,TripletLoss,5,83.164,30.471
minilm-6,sst2,TripletLoss,1,72.549,41.988
minilm-6,sst2,TripletLoss,2,75.444,37.555
minilm-6,sst2,TripletLoss,3,77.738,36.21
minilm-6,sst2,TripletLoss,4,79.265,35.561
minilm-6,sst2,TripletLoss,5,80.626,35.172
minilm-6,sst2,TripletLoss,1,70.886,41.56
minilm-6,sst2,TripletLoss,2,70.556,36.902
minilm-6,sst2,TripletLoss,3,72.341,34.987
minilm-6,sst2,TripletLoss,4,74.828,34.469
minilm-6,sst2,TripletLoss,5,76.885,33.9
e5-small,sst2,MultipleNegativesRankingLoss,1,79.788,84.769
e5-small,sst2,MultipleNegativesRankingLoss,2,80.204,84.77
e5-small,sst2,MultipleNegativesRankingLoss,3,80.175,84.754
e5-small,sst2,MultipleNegativesRankingLoss,4,80.361,84.761
e5-small,sst2,MultipleNegativesRankingLoss,5,80.813,84.737
e5-small,sst2,OnlineContrastiveLoss,1,88.346,84.55
e5-small,sst2,OnlineContrastiveLoss,2,89.808,84.274
e5-small,sst2,OnlineContrastiveLoss,3,90.324,84.177
e5-small,sst2,OnlineContrastiveLoss,4,91.005,84.087
e5-small,sst2,OnlineContrastiveLoss,5,91.65,83.992
e5-small,sst2,OnlineContrastiveLoss,1,88.202,84.586
e5-small,sst2,OnlineContrastiveLoss,2,89.765,84.324
e5-small,sst2,OnlineContrastiveLoss,3,90.56,84.23
e5-small,sst2,OnlineContrastiveLoss,4,91.005,84.132
e5-small,sst2,OnlineContrastiveLoss,5,91.664,84.03
e5-small,sst2,OnlineContrastiveLoss,1,88.023,84.595
e5-small,sst2,OnlineContrastiveLoss,2,89.686,84.327
e5-small,sst2,OnlineContrastiveLoss,3,90.324,84.203
e5-small,sst2,OnlineContrastiveLoss,4,90.94,84.165
e5-small,sst2,OnlineContrastiveLoss,5,91.636,84.086
e5-small,sst2,OnlineContrastiveLoss,1,87.55,84.477
e5-small,sst2,OnlineContrastiveLoss,2,89.378,84.277
e5-small,sst2,OnlineContrastiveLoss,3,90.245,84.233
e5-small,sst2,OnlineContrastiveLoss,4,90.718,84.178
e5-small,sst2,OnlineContrastiveLoss,5,91.449,84.098
e5-small,sst2,OnlineContrastiveLoss,1,85.586,84.108
e5-small,sst2,OnlineContrastiveLoss,2,87.98,83.825
e5-small,sst2,OnlineContrastiveLoss,3,89.313,83.883
e5-small,sst2,OnlineContrastiveLoss,4,89.901,83.874
e5-small,sst2,OnlineContrastiveLoss,5,90.431,83.842
e5-small,sst2,ContrastiveLoss,1,88.582,83.955
e5-small,sst2,ContrastiveLoss,2,89.908,83.853
e5-small,sst2,ContrastiveLoss,3,90.467,83.826
e5-small,sst2,ContrastiveLoss,4,91.019,83.76
e5-small,sst2,ContrastiveLoss,5,91.191,83.721
e5-small,sst2,ContrastiveLoss,1,88.783,84.011
e5-small,sst2,ContrastiveLoss,2,90.03,83.877
e5-small,sst2,ContrastiveLoss,3,90.611,83.813
e5-small,sst2,ContrastiveLoss,4,90.983,83.803
e5-small,sst2,ContrastiveLoss,5,91.585,83.755
e5-small,sst2,ContrastiveLoss,1,88.124,84.032
e5-small,sst2,ContrastiveLoss,2,89.743,83.885
e5-small,sst2,ContrastiveLoss,3,90.324,83.824
e5-small,sst2,ContrastiveLoss,4,90.869,83.844
e5-small,sst2,ContrastiveLoss,5,91.22,83.822
e5-small,sst2,ContrastiveLoss,1,86.583,84.057
e5-small,sst2,ContrastiveLoss,2,88.683,83.743
e5-small,sst2,ContrastiveLoss,3,89.428,83.701
e5-small,sst2,ContrastiveLoss,4,90.295,83.756
e5-small,sst2,ContrastiveLoss,5,90.661,83.684
e5-small,sst2,ContrastiveLoss,1,82.175,84.524
e5-small,sst2,ContrastiveLoss,2,87.106,83.335
e5-small,sst2,ContrastiveLoss,3,88.124,83.325
e5-small,sst2,ContrastiveLoss,4,88.912,83.349
e5-small,sst2,ContrastiveLoss,5,89.485,83.301
e5-small,sst2,TripletLoss,1,87.5,82.155
e5-small,sst2,TripletLoss,2,88.468,81.829
e5-small,sst2,TripletLoss,3,88.998,81.824
e5-small,sst2,TripletLoss,4,89.184,81.814
e5-small,sst2,TripletLoss,5,89.579,81.825
e5-small,sst2,TripletLoss,1,87.328,82.122
e5-small,sst2,TripletLoss,2,88.41,81.828
e5-small,sst2,TripletLoss,3,88.933,81.783
e5-small,sst2,TripletLoss,4,89.22,81.78
e5-small,sst2,TripletLoss,5,89.586,81.851
e5-small,sst2,TripletLoss,1,87.715,82.175
e5-small,sst2,TripletLoss,2,88.575,81.82
e5-small,sst2,TripletLoss,3,88.869,81.809
e5-small,sst2,TripletLoss,4,89.485,81.828
e5-small,sst2,TripletLoss,5,89.263,81.837
e5-small,sst2,TripletLoss,1,88.704,83.071
e5-small,sst2,TripletLoss,2,89.564,82.92
e5-small,sst2,TripletLoss,3,89.908,82.827
e5-small,sst2,TripletLoss,4,90.295,82.726
e5-small,sst2,TripletLoss,5,90.897,82.751
e5-small,sst2,TripletLoss,1,89.779,84.539
e5-small,sst2,TripletLoss,2,90.797,84.26
e5-small,sst2,TripletLoss,3,91.32,84.023
e5-small,sst2,TripletLoss,4,92.051,83.844
e5-small,sst2,TripletLoss,5,91.879,83.7
e5-small,sst2,TripletLoss,1,87.471,84.905
e5-small,sst2,TripletLoss,2,89.206,84.503
e5-small,sst2,TripletLoss,3,90.353,84.255
e5-small,sst2,TripletLoss,4,91.12,84.007
e5-small,sst2,TripletLoss,5,91.492,83.81
gte-small,sst2,MultipleNegativesRankingLoss,1,80.146,83.897
gte-small,sst2,MultipleNegativesRankingLoss,2,80.06,83.846
gte-small,sst2,MultipleNegativesRankingLoss,3,80.103,83.859
gte-small,sst2,MultipleNegativesRankingLoss,4,80.447,83.87
gte-small,sst2,MultipleNegativesRankingLoss,5,80.569,83.871
gte-small,sst2,OnlineContrastiveLoss,1,86.145,84.141
gte-small,sst2,OnlineContrastiveLoss,2,88.109,83.207
gte-small,sst2,OnlineContrastiveLoss,3,88.733,82.907
gte-small,sst2,OnlineContrastiveLoss,4,89.184,82.762
gte-small,sst2,OnlineContrastiveLoss,5,89.579,82.649
gte-small,sst2,OnlineContrastiveLoss,1,86.081,84.18
gte-small,sst2,OnlineContrastiveLoss,2,87.966,83.435
gte-small,sst2,OnlineContrastiveLoss,3,88.661,83.132
gte-small,sst2,OnlineContrastiveLoss,4,89.07,83.027
gte-small,sst2,OnlineContrastiveLoss,5,89.235,82.903
gte-small,sst2,OnlineContrastiveLoss,1,86.095,84.063
gte-small,sst2,OnlineContrastiveLoss,2,87.944,83.436
gte-small,sst2,OnlineContrastiveLoss,3,88.339,83.204
gte-small,sst2,OnlineContrastiveLoss,4,88.855,83.144
gte-small,sst2,OnlineContrastiveLoss,5,89.256,83.051
gte-small,sst2,OnlineContrastiveLoss,1,85.314,83.569
gte-small,sst2,OnlineContrastiveLoss,2,87.557,83.135
gte-small,sst2,OnlineContrastiveLoss,3,88.288,82.982
gte-small,sst2,OnlineContrastiveLoss,4,88.604,82.951
gte-small,sst2,OnlineContrastiveLoss,5,88.926,82.928
gte-small,sst2,OnlineContrastiveLoss,1,81.623,83.27
gte-small,sst2,OnlineContrastiveLoss,2,85.529,82.701
gte-small,sst2,OnlineContrastiveLoss,3,86.898,82.514
gte-small,sst2,OnlineContrastiveLoss,4,87.765,82.522
gte-small,sst2,OnlineContrastiveLoss,5,88.21,82.483
gte-small,sst2,ContrastiveLoss,1,87.342,83.437
gte-small,sst2,ContrastiveLoss,2,88.511,82.535
gte-small,sst2,ContrastiveLoss,3,89.062,82.483
gte-small,sst2,ContrastiveLoss,4,89.399,82.449
gte-small,sst2,ContrastiveLoss,5,89.571,82.439
gte-small,sst2,ContrastiveLoss,1,86.805,83.758
gte-small,sst2,ContrastiveLoss,2,88.116,82.803
gte-small,sst2,ContrastiveLoss,3,88.89,82.758
gte-small,sst2,ContrastiveLoss,4,89.12,82.721
gte-small,sst2,ContrastiveLoss,5,89.464,82.683
gte-small,sst2,ContrastiveLoss,1,85.902,83.888
gte-small,sst2,ContrastiveLoss,2,88.03,83.001
gte-small,sst2,ContrastiveLoss,3,88.561,82.911
gte-small,sst2,ContrastiveLoss,4,89.027,82.844
gte-small,sst2,ContrastiveLoss,5,89.098,82.806
gte-small,sst2,ContrastiveLoss,1,83.472,83.811
gte-small,sst2,ContrastiveLoss,2,87.285,82.844
gte-small,sst2,ContrastiveLoss,3,88.009,82.654
gte-small,sst2,ContrastiveLoss,4,88.503,82.606
gte-small,sst2,ContrastiveLoss,5,88.79,82.555
gte-small,sst2,ContrastiveLoss,1,80.024,83.445
gte-small,sst2,ContrastiveLoss,2,84.454,82.722
gte-small,sst2,ContrastiveLoss,3,86.833,82.25
gte-small,sst2,ContrastiveLoss,4,87.579,82.151
gte-small,sst2,ContrastiveLoss,5,88.045,82.13
gte-small,sst2,TripletLoss,1,87.4,81.202
gte-small,sst2,TripletLoss,2,87.529,80.533
gte-small,sst2,TripletLoss,3,87.887,80.51
gte-small,sst2,TripletLoss,4,88.324,80.579
gte-small,sst2,TripletLoss,5,88.081,80.655
gte-small,sst2,TripletLoss,1,87.392,81.215
gte-small,sst2,TripletLoss,2,87.407,80.492
gte-small,sst2,TripletLoss,3,87.93,80.485
gte-small,sst2,TripletLoss,4,88.081,80.565
gte-small,sst2,TripletLoss,5,88.159,80.618
gte-small,sst2,TripletLoss,1,87.321,81.196
gte-small,sst2,TripletLoss,2,87.378,80.47
gte-small,sst2,TripletLoss,3,87.88,80.512
gte-small,sst2,TripletLoss,4,88.224,80.561
gte-small,sst2,TripletLoss,5,88.152,80.622
gte-small,sst2,TripletLoss,1,87.378,81.516
gte-small,sst2,TripletLoss,2,88.052,81.336
gte-small,sst2,TripletLoss,3,88.374,81.341
gte-small,sst2,TripletLoss,4,88.539,81.345
gte-small,sst2,TripletLoss,5,88.589,81.327
gte-small,sst2,TripletLoss,1,87.966,83.694
gte-small,sst2,TripletLoss,2,88.855,83.425
gte-small,sst2,TripletLoss,3,89.242,83.267
gte-small,sst2,TripletLoss,4,89.528,83.109
gte-small,sst2,TripletLoss,5,89.894,82.949
gte-small,sst2,TripletLoss,1,85.851,84.151
gte-small,sst2,TripletLoss,2,87.328,83.444
gte-small,sst2,TripletLoss,3,87.873,83.081
gte-small,sst2,TripletLoss,4,88.475,83.027
gte-small,sst2,TripletLoss,5,89.134,82.95
gte-base,sst2,MultipleNegativesRankingLoss,1,80.519,82.661
gte-base,sst2,MultipleNegativesRankingLoss,2,80.662,82.566
gte-base,sst2,MultipleNegativesRankingLoss,3,81.236,82.581
gte-base,sst2,MultipleNegativesRankingLoss,4,81.35,82.564
gte-base,sst2,MultipleNegativesRankingLoss,5,81.795,82.554
gte-base,sst2,OnlineContrastiveLoss,1,87.916,83.069
gte-base,sst2,OnlineContrastiveLoss,2,89.435,82.303
gte-base,sst2,OnlineContrastiveLoss,3,90.123,81.837
gte-base,sst2,OnlineContrastiveLoss,4,90.431,81.709
gte-base,sst2,OnlineContrastiveLoss,5,90.718,81.707
gte-base,sst2,OnlineContrastiveLoss,1,88.124,83.077
gte-base,sst2,OnlineContrastiveLoss,2,89.349,82.44
gte-base,sst2,OnlineContrastiveLoss,3,90.138,82.076
gte-base,sst2,OnlineContrastiveLoss,4,90.267,81.961
gte-base,sst2,OnlineContrastiveLoss,5,90.804,81.872
gte-base,sst2,OnlineContrastiveLoss,1,87.959,82.867
gte-base,sst2,OnlineContrastiveLoss,2,89.141,82.389
gte-base,sst2,OnlineContrastiveLoss,3,89.951,82.136
gte-base,sst2,OnlineContrastiveLoss,4,90.245,82.051
gte-base,sst2,OnlineContrastiveLoss,5,90.582,81.966
gte-base,sst2,OnlineContrastiveLoss,1,86.962,82.284
gte-base,sst2,OnlineContrastiveLoss,2,89.041,82.019
gte-base,sst2,OnlineContrastiveLoss,3,89.614,81.865
gte-base,sst2,OnlineContrastiveLoss,4,90.044,81.825
gte-base,sst2,OnlineContrastiveLoss,5,90.188,81.743
gte-base,sst2,OnlineContrastiveLoss,1,83.737,81.905
gte-base,sst2,OnlineContrastiveLoss,2,87.586,81.429
gte-base,sst2,OnlineContrastiveLoss,3,88.475,81.309
gte-base,sst2,OnlineContrastiveLoss,4,89.048,81.269
gte-base,sst2,OnlineContrastiveLoss,5,89.457,81.188
gte-base,sst2,ContrastiveLoss,1,88.382,82.654
gte-base,sst2,ContrastiveLoss,2,89.622,81.425
gte-base,sst2,ContrastiveLoss,3,90.138,81.34
gte-base,sst2,ContrastiveLoss,4,90.417,81.325
gte-base,sst2,ContrastiveLoss,5,90.647,81.281
gte-base,sst2,ContrastiveLoss,1,88.69,82.747
gte-base,sst2,ContrastiveLoss,2,89.643,81.64
gte-base,sst2,ContrastiveLoss,3,90.009,81.575
gte-base,sst2,ContrastiveLoss,4,90.417,81.536
gte-base,sst2,ContrastiveLoss,5,90.632,81.497
gte-base,sst2,ContrastiveLoss,1,87.866,82.797
gte-base,sst2,ContrastiveLoss,2,89.457,81.847
gte-base,sst2,ContrastiveLoss,3,90.044,81.714
gte-base,sst2,ContrastiveLoss,4,90.252,81.673
gte-base,sst2,ContrastiveLoss,5,90.288,81.598
gte-base,sst2,ContrastiveLoss,1,85.923,82.588
gte-base,sst2,ContrastiveLoss,2,88.761,81.676
gte-base,sst2,ContrastiveLoss,3,89.313,81.525
gte-base,sst2,ContrastiveLoss,4,89.751,81.494
gte-base,sst2,ContrastiveLoss,5,90.03,81.4
gte-base,sst2,ContrastiveLoss,1,81.716,82.219
gte-base,sst2,ContrastiveLoss,2,86.547,81.407
gte-base,sst2,ContrastiveLoss,3,88.109,81.123
gte-base,sst2,ContrastiveLoss,4,88.711,81.094
gte-base,sst2,ContrastiveLoss,5,89.235,80.966
gte-base,sst2,TripletLoss,1,88.726,80.313
gte-base,sst2,TripletLoss,2,89.091,80.027
gte-base,sst2,TripletLoss,3,89.579,79.931
gte-base,sst2,TripletLoss,4,89.815,79.919
gte-base,sst2,TripletLoss,5,90.252,79.948
gte-base,sst2,TripletLoss,1,88.475,80.31
gte-base,sst2,TripletLoss,2,89.299,80.009
gte-base,sst2,TripletLoss,3,89.679,79.939
gte-base,sst2,TripletLoss,4,89.765,79.92
gte-base,sst2,TripletLoss,5,90.087,79.935
gte-base,sst2,TripletLoss,1,88.539,80.319
gte-base,sst2,TripletLoss,2,89.077,80.039
gte-base,sst2,TripletLoss,3,89.392,79.962
gte-base,sst2,TripletLoss,4,89.894,79.926
gte-base,sst2,TripletLoss,5,90.13,79.927
gte-base,sst2,TripletLoss,1,88.733,80.519
gte-base,sst2,TripletLoss,2,89.536,80.36
gte-base,sst2,TripletLoss,3,90.138,80.323
gte-base,sst2,TripletLoss,4,90.539,80.316
gte-base,sst2,TripletLoss,5,90.618,80.342
gte-base,sst2,TripletLoss,1,89.729,82.549
gte-base,sst2,TripletLoss,2,90.31,82.297
gte-base,sst2,TripletLoss,3,90.761,82.067
gte-base,sst2,TripletLoss,4,90.905,81.931
gte-base,sst2,TripletLoss,5,91.184,81.87
gte-base,sst2,TripletLoss,1,87.952,83.035
gte-base,sst2,TripletLoss,2,89.278,82.52
gte-base,sst2,TripletLoss,3,89.579,82.152
gte-base,sst2,TripletLoss,4,90.023,82.005
gte-base,sst2,TripletLoss,5,90.295,81.913
